,rules,interest
0,"{X1=2,X12=3,X15=3} => {target=A}",0.034542058639570626
1,"{X5=5,X6=3,X13=4} => {target=A}",0.034751603223705387
2,"{X1=5,X7=5,X14=5} => {target=A}",0.034122918510982314
3,"{X1=1,X8=1,X13=4} => {target=A}",0.034122918510982314
4,"{X3=2,X4=1} => {target=A}",0.16129961746196111
5,"{X1=4,X3=5,X10=3} => {target=A}",0.03328443441253057
6,"{X1=1,X10=5,X11=1} => {target=A}",0.03380851882426214
7,"{X7=4,X13=1,X14=5} => {target=A}",0.033860921426232114
8,"{X7=5,X12=3,X14=5} => {target=A}",0.033756115160618876
9,"{X5=4,X6=2,X14=3} => {target=A}",0.03312718838638159
10,"{X5=4,X6=1,X15=5} => {target=A}",0.03291751215475664
11,"{X1=1,X12=1,X15=4} => {target=A}",0.03323202013215422
12,"{X2=4,X3=3,X14=1} => {target=A}",0.03480398671555581
13,"{X1=1,X11=5,X15=4} => {target=A}",0.03417531474291243
14,"{X2=1,X5=3,X6=3} => {target=A}",0.034122918510982314
15,"{X2=1,X9=4,X11=5} => {target=A}",0.033756115160618876
16,"{X8=3,X9=3,X15=5} => {target=A}",0.0336513046483124
17,"{X10=2,X13=1,X15=3} => {target=A}",0.034227709913169244
18,"{X8=4,X13=1,X15=4} => {target=A}",0.03511826537151886
19,"{X2=1,X4=5,X10=2} => {target=A}",0.034751603223705387
20,"{X3=1,X5=1,X15=5} => {target=A}",0.03417531474291243
21,"{X6=1,X9=4,X11=1} => {target=A}",0.035432505807242845
22,"{X8=4,X10=4,X11=5} => {target=A}",0.03469921867018166
23,"{X3=5,X7=4} => {target=A}",0.15716644524116194
24,"{X5=4,X13=5,X14=5} => {target=A}",0.032550537874990626
25,"{X11=1,X12=4} => {target=A}",0.16085179569812216
26,"{X1=1,X13=3,X15=2} => {target=A}",0.03370371043530229
27,"{X1=5,X5=3,X11=4} => {target=A}",0.0336513046483124
28,"{X1=1,X7=2,X8=1} => {target=A}",0.03391332296652877
29,"{X1=1,X2=1,X6=1} => {target=A}",0.03333684763123361
30,"{X6=4,X10=4,X11=2} => {target=A}",0.034751603223705387
31,"{X8=5,X10=4,X11=2} => {target=A}",0.03443727997746338
32,"{X2=2,X7=1,X12=5} => {target=A}",0.034384889053899824
33,"{X4=1,X11=3,X13=5} => {target=A}",0.03333684763123361
34,"{X7=4,X13=1,X14=1} => {target=A}",0.033441670883619774
35,"{X1=1,X9=4,X11=5} => {target=A}",0.0336513046483124
36,"{X14=1,X15=5} => {target=A}",0.1513277447498024
37,"{X7=2,X10=3} => {target=A}",0.1584121463461172
38,"{X1=1,X2=5} => {target=A}",0.1584619605885624
39,"{X6=5,X9=3,X13=4} => {target=A}",0.03511826537151886
40,"{X5=1,X8=2,X11=4} => {target=A}",0.035013510066224426
41,"{X1=1,X9=5,X13=2} => {target=A}",0.034332497068662926
42,"{X1=1,X10=2,X13=1} => {target=A}",0.034908750514236725
43,"{X4=4,X9=2,X13=5} => {target=A}",0.034542058639570626
44,"{X1=1,X3=2,X13=3} => {target=A}",0.033860921426232114
45,"{X2=1,X7=2,X15=5} => {target=A}",0.03260296595711998
46,"{X5=5,X12=5,X13=4} => {target=A}",0.032865090442667125
47,"{X5=4,X6=3,X13=3} => {target=A}",0.03391332296652877
48,"{X1=1,X2=2,X12=5} => {target=A}",0.0336513046483124
49,"{X2=5,X5=1,X10=2} => {target=A}",0.035694343640996856
50,"{X6=4,X13=3,X15=5} => {target=A}",0.033860921426232114
51,"{X5=5,X7=2,X8=2} => {target=A}",0.03428010402175274
52,"{X4=3,X5=1,X8=1} => {target=A}",0.034070521217378885
53,"{X5=5,X7=3,X15=5} => {target=A}",0.03260296595711998
54,"{X5=1,X9=4,X13=5} => {target=A}",0.03380851882426214
55,"{X10=2,X13=1,X15=4} => {target=A}",0.035013510066224426
56,"{X2=3,X14=2} => {target=A}",0.1618965793762429
57,"{X3=2,X4=1,X5=4} => {target=A}",0.034751603223705387
58,"{X4=2,X5=5,X15=4} => {target=A}",0.03417531474291243
59,"{X4=4,X9=4,X15=3} => {target=A}",0.034384889053899824
60,"{X6=3,X7=1,X15=5} => {target=A}",0.03469921867018166
61,"{X7=5,X13=3,X14=3} => {target=A}",0.03396572344515211
62,"{X2=2,X5=5,X8=2} => {target=A}",0.033441670883619774
63,"{X2=1,X6=4,X15=4} => {target=A}",0.03312718838638159
64,"{X8=4,X12=5,X15=5} => {target=A}",0.03228838153924423
65,"{X11=3,X13=4,X14=4} => {target=A}",0.03359889779964922
66,"{X1=2,X4=5,X9=4} => {target=A}",0.03417531474291243
67,"{X7=2,X15=5} => {target=A}",0.15362503592045568
68,"{X1=2,X9=5,X13=5} => {target=A}",0.03417531474291243
69,"{X6=4,X13=5,X15=5} => {target=A}",0.03448966983935367
70,"{X10=5,X11=1,X13=4} => {target=A}",0.03448966983935367
71,"{X8=3,X9=2} => {target=A}",0.16060296867075696
72,"{X7=5,X11=5,X15=4} => {target=A}",0.034122918510982314
73,"{X4=1,X6=4,X10=4} => {target=A}",0.034908750514236725
74,"{X2=5,X9=2,X14=5} => {target=A}",0.03296993280517284
75,"{X5=5,X9=4,X15=4} => {target=A}",0.03459444637811428
76,"{X8=3,X12=3} => {target=A}",0.15955760531901003
77,"{X3=2,X8=2,X9=2} => {target=A}",0.03391332296652877
78,"{X3=3,X10=5,X14=1} => {target=A}",0.03417531474291243
79,"{X1=4,X6=1,X15=4} => {target=A}",0.03417531474291243
80,"{X6=4,X13=4,X15=5} => {target=A}",0.032131074997716697
81,"{X1=4,X2=4,X13=3} => {target=A}",0.03459444637811428
82,"{X7=4,X9=3,X12=3} => {target=A}",0.033756115160618876
83,"{X2=4,X7=1} => {target=A}",0.1592588440801158
84,"{X8=2,X12=3,X13=5} => {target=A}",0.035170641431656144
85,"{X1=2,X14=1,X15=3} => {target=A}",0.03302235239391573
86,"{X1=1,X8=4,X15=5} => {target=A}",0.030295126000479056
87,"{X4=2,X8=3} => {target=A}",0.1584121463461172
88,"{X1=2,X11=5,X14=4} => {target=A}",0.03359889779964922
89,"{X2=3,X4=2,X5=5} => {target=A}",0.033756115160618876
90,"{X2=1,X13=5,X15=5} => {target=A}",0.03291751215475664
91,"{X1=3,X6=5,X9=4} => {target=A}",0.03511826537151886
92,"{X3=1,X15=5} => {target=A}",0.156817530024364
93,"{X8=4,X11=1,X15=5} => {target=A}",0.03338925978826335
94,"{X9=3,X10=2,X14=2} => {target=A}",0.035013510066224426
95,"{X2=1,X11=5} => {target=A}",0.15517194329793324
96,"{X1=2,X14=1,X15=5} => {target=A}",0.03464683305498462
97,{X5=4} => {target=A},0.6785991219215387
98,"{X8=4,X13=2,X15=2} => {target=A}",0.032812667668904325
99,"{X1=2,X7=1,X8=3} => {target=A}",0.03459444637811428
100,"{X7=2,X10=3,X13=3} => {target=A}",0.0350658882497083
101,"{X1=1,X9=2,X15=4} => {target=A}",0.03443727997746338
102,"{X8=3,X9=2,X10=1} => {target=A}",0.03417531474291243
103,"{X7=3,X8=4,X13=5} => {target=A}",0.034227709913169244
104,"{X1=1,X7=5,X9=2} => {target=A}",0.034332497068662926
105,"{X2=1,X3=4,X14=1} => {target=A}",0.03228838153924423
106,"{X4=4,X5=2,X12=5} => {target=A}",0.03417531474291243
107,"{X5=5,X10=2,X15=4} => {target=A}",0.03401812286210216
108,"{X2=4,X4=2,X13=4} => {target=A}",0.03459444637811428
109,"{X1=2,X11=1} => {target=A}",0.1569172253946728
110,"{X1=4,X4=4,X12=4} => {target=A}",0.03511826537151886
111,"{X5=4,X8=4,X9=2} => {target=A}",0.03532776324202808
112,"{X3=1,X5=3,X6=2} => {target=A}",0.03338925978826335
113,"{X1=1,X11=5} => {target=A}",0.15985632833766514
114,"{X8=5,X9=4,X15=5} => {target=A}",0.033546489889312706
115,"{X8=3,X15=5} => {target=A}",0.1555709795807624
116,"{X8=2,X12=3} => {target=A}",0.15891024099527037
117,"{X5=4,X13=5,X15=5} => {target=A}",0.03291751215475664
118,"{X10=4,X14=5,X15=4} => {target=A}",0.032655392977576025
119,"{X6=4,X7=2,X13=5} => {target=A}",0.033441670883619774
120,"{X2=3,X6=4,X13=3} => {target=A}",0.03527539036691075
121,"{X7=5,X13=2,X14=4} => {target=A}",0.034751603223705387
122,"{X5=3,X8=4,X11=5} => {target=A}",0.034751603223705387
123,"{X2=4,X7=2} => {target=A}",0.1584619605885624
124,"{X10=2,X14=2,X15=1} => {target=A}",0.03538013505547212
125,"{X1=1,X12=2,X14=5} => {target=A}",0.03338925978826335
126,"{X4=4,X11=4,X14=1} => {target=A}",0.03428010402175274
127,"{X6=2,X11=3,X12=3} => {target=A}",0.03496113082106723
128,"{X2=1,X14=1} => {target=A}",0.14917824540449093
129,"{X5=5,X8=3} => {target=A}",0.15980654382207257
130,"{X7=1,X11=5,X15=2} => {target=A}",0.033860921426232114
131,"{X2=1,X4=3,X7=3} => {target=A}",0.033494080917302896
132,"{X1=1,X7=4,X10=4} => {target=A}",0.03391332296652877
133,"{X1=5,X10=5,X14=1} => {target=A}",0.034542058639570626
134,"{X1=1,X11=4,X13=4} => {target=A}",0.03464683305498462
135,"{X3=1,X8=3,X15=4} => {target=A}",0.03574670802272774
136,"{X1=4,X7=2,X13=1} => {target=A}",0.035694343640996856
137,"{X9=3,X10=2,X15=4} => {target=A}",0.034542058639570626
138,"{X7=1,X11=3,X12=2} => {target=A}",0.03380851882426214
139,"{X1=1,X4=3,X11=4} => {target=A}",0.033546489889312706
140,"{X7=2,X12=3,X13=5} => {target=A}",0.03276024383346819
141,"{X2=3,X9=5,X11=1} => {target=A}",0.03496113082106723
142,"{X5=5,X8=2,X12=1} => {target=A}",0.03401812286210216
143,"{X10=5,X13=2,X14=1} => {target=A}",0.03522301643012009
144,"{X3=3,X10=1,X12=2} => {target=A}",0.03480398671555581
145,"{X1=2,X6=1,X11=5} => {target=A}",0.0336513046483124
146,"{X1=3,X2=3,X8=4} => {target=A}",0.03595615493291817
147,"{X1=1,X2=1,X11=5} => {target=A}",0.03249810873118796
148,"{X3=2,X4=1,X14=1} => {target=A}",0.033756115160618876
149,"{X4=1,X9=4,X15=5} => {target=A}",0.03370371043530229
150,"{X4=4,X14=2} => {target=A}",0.15960739514296915
151,"{X1=1,X5=3,X11=5} => {target=A}",0.035170641431656144
152,"{X2=2,X6=3,X15=4} => {target=A}",0.0336513046483124
153,"{X9=2,X14=3,X15=3} => {target=A}",0.035013510066224426
154,"{X8=3,X12=5,X15=4} => {target=A}",0.034908750514236725
155,"{X1=4,X2=1,X15=5} => {target=A}",0.03333684763123361
156,"{X2=1,X10=1,X11=5} => {target=A}",0.033860921426232114
157,"{X10=4,X12=2,X15=2} => {target=A}",0.034542058639570626
158,"{X5=1,X8=2} => {target=A}",0.16060296867075696
159,"{X5=1,X10=1,X15=5} => {target=A}",0.03328443441253057
160,"{X1=5,X14=1} => {target=A}",0.15577047224201762
161,"{X2=3,X12=3} => {target=A}",0.1579139455296332
162,"{X2=1,X10=5,X15=5} => {target=A}",0.032183511573232515
163,"{X2=2,X5=3} => {target=A}",0.15761497407942401
164,"{X5=4,X8=1,X10=2} => {target=A}",0.035170641431656144
165,"{X5=3,X11=5} => {target=A}",0.15995589418383038
166,"{X3=5,X8=2,X11=5} => {target=A}",0.03464683305498462
167,"{X11=5,X15=4} => {target=A}",0.15671783040736195
168,"{X1=2,X4=1,X11=1} => {target=A}",0.034122918510982314
169,"{X8=3,X12=1,X14=4} => {target=A}",0.03511826537151886
170,"{X2=3,X4=2,X5=1} => {target=A}",0.032131074997716697
171,"{X9=4,X11=1,X12=1} => {target=A}",0.03380851882426214
172,"{X7=3,X9=4,X10=1} => {target=A}",0.033756115160618876
173,"{X3=4,X6=5,X15=3} => {target=A}",0.03480398671555581
174,"{X10=4,X11=2,X14=5} => {target=A}",0.03396572344515211
175,"{X5=4,X7=3,X13=5} => {target=A}",0.03296993280517284
176,"{X2=1,X10=3,X14=1} => {target=A}",0.03118703509229631
177,"{X2=1,X3=1,X15=5} => {target=A}",0.03338925978826335
178,"{X3=1,X5=1,X8=3} => {target=A}",0.03585143360116957
179,"{X1=1,X3=1,X8=2} => {target=A}",0.0350658882497083
180,"{X1=2,X7=2} => {target=A}",0.1578142926262567
181,"{X6=5,X13=4,X15=4} => {target=A}",0.03428010402175274
182,"{X2=5,X3=2,X4=5} => {target=A}",0.03396572344515211
183,"{X1=3,X11=5,X12=1} => {target=A}",0.034384889053899824
184,"{X10=1,X12=1,X14=3} => {target=A}",0.034227709913169244
185,"{X7=3,X8=3,X14=2} => {target=A}",0.03417531474291243
186,"{X4=3,X5=4,X10=5} => {target=A}",0.03380851882426214
187,"{X5=4,X13=3,X14=1} => {target=A}",0.03428010402175274
188,"{X2=1,X11=5,X14=1} => {target=A}",0.03317960479010456
189,"{X4=2,X5=4} => {target=A}",0.15577047224201762
190,"{X3=1,X14=4} => {target=A}",0.16060296867075696
191,"{X4=5,X13=3,X15=4} => {target=A}",0.0350658882497083
192,"{X3=1,X7=5} => {target=A}",0.15955760531901003
193,"{X3=1,X10=3,X12=1} => {target=A}",0.03359889779964922
194,"{X6=2,X9=4,X15=5} => {target=A}",0.03370371043530229
195,"{X10=1,X11=4,X15=4} => {target=A}",0.03448966983935367
196,"{X6=4,X10=2,X12=2} => {target=A}",0.03564197819759267
197,"{X10=1,X11=5} => {target=A}",0.15970697160586747
198,"{X5=3,X10=5,X15=4} => {target=A}",0.033546489889312706
199,"{X1=1,X4=1,X11=5} => {target=A}",0.034227709913169244
200,"{X5=4,X6=2,X8=4} => {target=A}",0.03464683305498462
201,"{X8=5,X10=3,X11=3} => {target=A}",0.03223594708707503
202,"{X3=4,X8=3,X14=4} => {target=A}",0.034384889053899824
203,"{X11=5,X13=5,X15=3} => {target=A}",0.03234081492974013
204,"{X2=1,X5=4,X12=5} => {target=A}",0.032131074997716697
205,"{X3=1,X5=4,X10=4} => {target=A}",0.035013510066224426
206,"{X2=3,X6=4,X10=2} => {target=A}",0.035537244125764374
207,"{X6=4,X11=4,X12=1} => {target=A}",0.03443727997746338
208,"{X1=2,X8=2,X14=2} => {target=A}",0.03469921867018166
209,"{X3=3,X14=2} => {target=A}",0.15995589418383038
210,"{X5=2,X10=5,X15=3} => {target=A}",0.03380851882426214
211,"{X1=1,X6=4,X10=4} => {target=A}",0.03396572344515211
212,"{X2=2,X12=5} => {target=A}",0.15891024099527037
213,"{X8=4,X14=2,X15=2} => {target=A}",0.034856369145732924
214,"{X5=4,X11=5,X14=2} => {target=A}",0.03611322896799126
215,"{X3=3,X9=3,X14=2} => {target=A}",0.03538013505547212
216,"{X9=3,X13=4} => {target=A}",0.15950781443337764
217,"{X2=2,X5=5,X11=5} => {target=A}",0.03480398671555581
218,"{X6=1,X13=2,X15=4} => {target=A}",0.0336513046483124
219,"{X1=2,X11=5,X15=5} => {target=A}",0.03302235239391573
220,"{X9=3,X10=5,X13=3} => {target=A}",0.03496113082106723
221,"{X1=2,X14=3,X15=5} => {target=A}",0.032812667668904325
222,"{X1=3,X4=5,X9=1} => {target=A}",0.03323202013215422
223,"{X1=1,X2=4,X9=2} => {target=A}",0.03307477092098531
224,"{X1=2,X3=1,X6=2} => {target=A}",0.032812667668904325
225,"{X8=3,X14=2} => {target=A}",0.16234420048382675
226,"{X1=1,X10=4} => {target=A}",0.15751530843596784
227,"{X5=4,X10=2,X13=3} => {target=A}",0.034542058639570626
228,"{X11=5,X14=4,X15=4} => {target=A}",0.03464683305498462
229,"{X6=3,X8=3,X10=2} => {target=A}",0.03511826537151886
230,"{X6=1,X10=4,X12=1} => {target=A}",0.03480398671555581
231,"{X11=5,X12=5,X15=3} => {target=A}",0.034122918510982314
232,"{X7=1,X8=3,X12=3} => {target=A}",0.03585143360116957
233,"{X5=1,X8=2,X14=5} => {target=A}",0.036636740076136556
234,"{X2=1,X5=4,X14=5} => {target=A}",0.033441670883619774
235,"{X2=1,X5=4,X15=5} => {target=A}",0.03496113082106723
236,"{X3=2,X4=1,X8=4} => {target=A}",0.032865090442667125
237,"{X1=2,X12=5,X13=4} => {target=A}",0.032655392977576025
238,"{X5=3,X8=3,X15=4} => {target=A}",0.034070521217378885
239,"{X5=3,X9=4} => {target=A}",0.15686737824035507
240,"{X3=4,X13=3,X14=5} => {target=A}",0.034384889053899824
241,"{X2=1,X5=5,X11=5} => {target=A}",0.03249810873118796
242,"{X2=4,X9=3,X15=1} => {target=A}",0.03448966983935367
243,"{X5=4,X8=5,X15=5} => {target=A}",0.03202619866166514
244,"{X3=4,X5=4,X8=3} => {target=A}",0.03469921867018166
245,"{X9=4,X11=1,X14=1} => {target=A}",0.034908750514236725
246,"{X7=2,X8=1,X13=4} => {target=A}",0.03428010402175274
247,"{X13=1,X14=3,X15=5} => {target=A}",0.031711544173351064
248,"{X7=2,X9=3,X11=3} => {target=A}",0.03532776324202808
249,"{X1=3,X11=3,X14=5} => {target=A}",0.034751603223705387
250,"{X4=1,X12=5} => {target=A}",0.16000567551440306
251,"{X1=5,X3=2,X8=5} => {target=A}",0.034332497068662926
252,"{X1=2,X4=2,X7=2} => {target=A}",0.034332497068662926
253,"{X3=2,X4=1,X10=3} => {target=A}",0.03464683305498462
254,"{X1=3,X4=2,X15=5} => {target=A}",0.03276024383346819
255,"{X7=2,X9=5,X13=1} => {target=A}",0.034070521217378885
256,"{X1=3,X3=2,X10=1} => {target=A}",0.03564197819759267
257,"{X2=3,X7=2,X14=5} => {target=A}",0.03307477092098531
258,"{X8=3,X9=5,X14=2} => {target=A}",0.03511826537151886
259,"{X2=2,X11=4,X12=5} => {target=A}",0.034122918510982314
260,"{X1=2,X10=4,X12=3} => {target=A}",0.03359889779964922
261,"{X6=2,X13=4,X15=4} => {target=A}",0.034070521217378885
262,"{X6=4,X7=4,X13=4} => {target=A}",0.03417531474291243
263,"{X1=1,X2=4,X9=3} => {target=A}",0.034384889053899824
264,"{X2=1,X8=4,X15=5} => {target=A}",0.03296993280517284
265,"{X4=4,X5=3,X15=3} => {target=A}",0.03417531474291243
266,"{X3=1,X13=3} => {target=A}",0.16174735323026215
267,"{X3=3,X9=2,X14=5} => {target=A}",0.033546489889312706
268,"{X5=1,X6=4,X10=2} => {target=A}",0.03417531474291243
269,"{X6=1,X13=3,X15=3} => {target=A}",0.03391332296652877
270,"{X9=3,X10=1} => {target=A}",0.1599061117915844
271,"{X2=1,X5=4,X8=1} => {target=A}",0.034384889053899824
272,"{X3=4,X4=3,X5=4} => {target=A}",0.033756115160618876
273,"{X7=2,X8=1,X15=3} => {target=A}",0.035432505807242845
274,"{X1=1,X11=4} => {target=A}",0.15980654382207257
275,"{X2=1,X5=3,X9=3} => {target=A}",0.03459444637811428
276,"{X12=3,X13=2,X14=2} => {target=A}",0.03459444637811428
277,"{X7=1,X13=5,X14=2} => {target=A}",0.03538013505547212
278,"{X2=3,X12=5,X15=5} => {target=A}",0.03302235239391573
279,"{X5=2,X6=4,X14=5} => {target=A}",0.0350658882497083
280,"{X1=2,X7=1,X11=4} => {target=A}",0.03401812286210216
281,"{X6=2,X9=4,X15=4} => {target=A}",0.03448966983935367
282,"{X1=2,X5=4,X13=3} => {target=A}",0.03585143360116957
283,"{X4=5,X10=2,X12=2} => {target=A}",0.035432505807242845
284,"{X2=3,X7=2,X13=3} => {target=A}",0.03480398671555581
285,"{X5=4,X7=2,X11=5} => {target=A}",0.03538013505547212
286,"{X9=4,X11=1,X15=5} => {target=A}",0.034227709913169244
287,"{X11=5,X12=1,X15=4} => {target=A}",0.034332497068662926
288,"{X3=2,X4=1,X13=1} => {target=A}",0.03338925978826335
289,"{X1=4,X8=4,X9=4} => {target=A}",0.03443727997746338
290,"{X1=5,X3=2,X6=1} => {target=A}",0.03417531474291243
291,"{X9=4,X14=5,X15=5} => {target=A}",0.032550537874990626
292,"{X1=2,X2=1,X12=3} => {target=A}",0.033546489889312706
293,"{X3=2,X7=2,X14=2} => {target=A}",0.03459444637811428
294,"{X2=1,X4=1,X14=1} => {target=A}",0.03192131807892035
295,"{X7=2,X11=2,X13=1} => {target=A}",0.03511826537151886
296,"{X1=3,X9=3,X10=3} => {target=A}",0.034070521217378885
297,"{X2=4,X4=2,X11=3} => {target=A}",0.03207863736052757
298,"{X3=2,X6=2,X7=1} => {target=A}",0.03464683305498462
299,"{X2=1,X9=2,X13=4} => {target=A}",0.032183511573232515
300,"{X3=2,X6=1,X13=4} => {target=A}",0.03317960479010456
301,"{X8=2,X12=5,X15=5} => {target=A}",0.03228838153924423
302,"{X1=1,X2=1,X15=5} => {target=A}",0.03223594708707503
303,"{X1=1,X7=2} => {target=A}",0.15751530843596784
304,"{X2=4,X6=2,X15=2} => {target=A}",0.036427348372958135
305,{X10=4} => {target=A},0.680971834363988
306,"{X4=1,X8=1,X11=2} => {target=A}",0.03448966983935367
307,"{X7=1,X11=4,X14=5} => {target=A}",0.03391332296652877
308,"{X5=3,X8=2,X12=5} => {target=A}",0.03448966983935367
309,"{X5=5,X6=1,X8=3} => {target=A}",0.03428010402175274
310,"{X1=1,X4=5,X14=2} => {target=A}",0.03532776324202808
311,"{X7=2,X9=5,X12=5} => {target=A}",0.034122918510982314
312,"{X5=4,X9=2,X13=5} => {target=A}",0.03459444637811428
313,"{X1=2,X3=1,X9=2} => {target=A}",0.03464683305498462
314,"{X9=2,X14=1,X15=4} => {target=A}",0.035170641431656144
315,"{X6=1,X8=2,X14=1} => {target=A}",0.03338925978826335
316,"{X1=2,X6=4,X10=2} => {target=A}",0.03496113082106723
317,"{X3=3,X6=4,X7=2} => {target=A}",0.03443727997746338
318,"{X4=4,X7=1,X9=3} => {target=A}",0.03428010402175274
319,"{X9=4,X15=5} => {target=A}",0.15736580200823372
320,"{X5=5,X8=2,X11=5} => {target=A}",0.034332497068662926
321,"{X3=4,X13=1,X15=2} => {target=A}",0.034070521217378885
322,"{X1=1,X7=2,X10=5} => {target=A}",0.03276024383346819
323,"{X3=5,X4=4,X14=5} => {target=A}",0.03396572344515211
324,"{X1=1,X2=5,X11=5} => {target=A}",0.0336513046483124
325,"{X13=1,X14=3} => {target=A}",0.155471226880095
326,"{X3=1,X6=1,X14=2} => {target=A}",0.034908750514236725
327,"{X3=2,X14=3,X15=5} => {target=A}",0.03260296595711998
328,"{X6=4,X8=5,X15=5} => {target=A}",0.034227709913169244
329,"{X6=2,X11=5,X14=4} => {target=A}",0.03538013505547212
330,"{X4=1,X11=5,X12=2} => {target=A}",0.034227709913169244
331,"{X6=4,X10=4,X12=2} => {target=A}",0.03532776324202808
332,"{X1=1,X6=3,X7=3} => {target=A}",0.03359889779964922
333,"{X13=3,X14=5,X15=2} => {target=A}",0.033546489889312706
334,"{X3=3,X10=4,X14=1} => {target=A}",0.03396572344515211
335,"{X10=5,X15=3} => {target=A}",0.15626912957802402
336,"{X1=1,X14=5} => {target=A}",0.15582034275314813
337,"{X6=4,X10=1,X14=1} => {target=A}",0.03511826537151886
338,"{X4=2,X8=4,X13=1} => {target=A}",0.03391332296652877
339,{X7=2} => {target=A},0.6798230948205737
340,"{X1=2,X6=4,X15=3} => {target=A}",0.035537244125764374
341,"{X2=3,X10=2,X13=3} => {target=A}",0.034332497068662926
342,"{X12=2,X14=5,X15=2} => {target=A}",0.03396572344515211
343,"{X9=2,X12=4,X14=5} => {target=A}",0.034332497068662926
344,"{X4=1,X6=5,X8=3} => {target=A}",0.03448966983935367
345,"{X1=1,X8=3} => {target=A}",0.16080203241599572
346,"{X3=4,X6=1,X8=3} => {target=A}",0.03391332296652877
347,"{X9=4,X10=3,X14=3} => {target=A}",0.03401812286210216
348,"{X2=1,X5=4,X8=2} => {target=A}",0.03296993280517284
349,"{X7=5,X9=2} => {target=A}",0.15905964868738687
350,"{X10=2,X13=4,X15=2} => {target=A}",0.03333684763123361
351,"{X3=3,X7=2,X13=5} => {target=A}",0.03296993280517284
352,"{X1=1,X7=2,X12=5} => {target=A}",0.033494080917302896
353,"{X4=3,X10=2,X13=3} => {target=A}",0.034856369145732924
354,"{X1=1,X2=5,X6=5} => {target=A}",0.033860921426232114
355,"{X7=5,X9=2,X14=4} => {target=A}",0.03417531474291243
356,"{X4=3,X8=4,X13=2} => {target=A}",0.03428010402175274
357,"{X4=4,X6=4,X13=3} => {target=A}",0.034542058639570626
358,"{X9=5,X10=2,X12=2} => {target=A}",0.03391332296652877
359,"{X1=3,X12=1,X14=2} => {target=A}",0.034122918510982314
360,"{X3=3,X9=3,X11=4} => {target=A}",0.035170641431656144
361,"{X4=3,X7=4,X9=2} => {target=A}",0.03291751215475664
362,"{X5=5,X6=5} => {target=A}",0.16060296867075696
363,"{X3=2,X9=2} => {target=A}",0.15592008059038923
364,"{X2=2,X11=5,X12=5} => {target=A}",0.03370371043530229
365,"{X3=2,X10=1,X14=4} => {target=A}",0.034751603223705387
366,"{X1=1,X7=1} => {target=A}",0.15761497407942401
367,"{X3=1,X4=5} => {target=A}",0.1611005961836547
368,"{X5=2,X8=5,X15=5} => {target=A}",0.03328443441253057
369,"{X8=2,X14=2,X15=5} => {target=A}",0.034122918510982314
370,"{X9=3,X13=3,X15=4} => {target=A}",0.03428010402175274
371,"{X1=1,X12=3,X13=2} => {target=A}",0.03291751215475664
372,"{X1=3,X6=4,X8=2} => {target=A}",0.035013510066224426
373,"{X6=1,X7=2,X8=2} => {target=A}",0.03443727997746338
374,"{X2=4,X4=1,X14=1} => {target=A}",0.03574670802272774
375,"{X10=1,X12=1,X13=3} => {target=A}",0.03448966983935367
376,"{X3=3,X4=4,X11=5} => {target=A}",0.034122918510982314
377,"{X12=5,X15=3} => {target=A}",0.15851177376933429
378,"{X1=2,X2=1,X3=4} => {target=A}",0.03527539036691075
379,"{X8=4,X13=5,X15=5} => {target=A}",0.03307477092098531
380,"{X2=5,X7=3,X15=1} => {target=A}",0.034542058639570626
381,"{X5=5,X13=4,X15=4} => {target=A}",0.03480398671555581
382,"{X1=2,X11=3,X15=5} => {target=A}",0.03296993280517284
383,"{X2=2,X3=3,X12=3} => {target=A}",0.03459444637811428
384,"{X3=4,X6=5,X14=4} => {target=A}",0.034542058639570626
385,"{X8=3,X14=4,X15=4} => {target=A}",0.033756115160618876
386,"{X1=1,X11=2,X14=5} => {target=A}",0.03380851882426214
387,"{X8=5,X10=3,X15=3} => {target=A}",0.03323202013215422
388,"{X6=4,X14=1,X15=2} => {target=A}",0.03464683305498462
389,"{X3=2,X11=2,X12=2} => {target=A}",0.035484875497340265
390,"{X6=1,X7=2,X13=1} => {target=A}",0.03511826537151886
391,"{X1=5,X8=2,X12=1} => {target=A}",0.03469921867018166
392,"{X6=4,X7=1,X13=1} => {target=A}",0.03391332296652877
393,"{X1=1,X10=3,X11=4} => {target=A}",0.034384889053899824
394,"{X1=5,X5=3,X15=5} => {target=A}",0.032550537874990626
395,"{X7=2,X10=5,X15=4} => {target=A}",0.03333684763123361
396,"{X4=1,X5=4,X9=3} => {target=A}",0.03448966983935367
397,"{X3=2,X8=1,X11=5} => {target=A}",0.0350658882497083
398,"{X1=2,X2=3} => {target=A}",0.15940822947709277
399,"{X6=3,X12=2,X14=5} => {target=A}",0.03370371043530229
400,"{X2=2,X10=4,X14=1} => {target=A}",0.033494080917302896
401,"{X5=2,X12=5,X15=5} => {target=A}",0.03239324725856271
402,"{X2=5,X3=2,X4=3} => {target=A}",0.034227709913169244
403,"{X11=3,X12=3,X15=3} => {target=A}",0.03428010402175274
404,"{X1=1,X2=2,X10=1} => {target=A}",0.03328443441253057
405,"{X3=1,X12=5,X15=3} => {target=A}",0.03459444637811428
406,"{X6=5,X9=3,X10=2} => {target=A}",0.03522301643012009
407,"{X9=5,X11=1,X15=3} => {target=A}",0.03448966983935367
408,"{X3=1,X12=2,X13=3} => {target=A}",0.03600851400628251
409,"{X3=3,X12=1,X15=5} => {target=A}",0.03370371043530229
410,"{X2=5,X8=3,X15=4} => {target=A}",0.0336513046483124
411,"{X1=2,X3=1,X7=5} => {target=A}",0.034384889053899824
412,"{X6=4,X9=3,X13=3} => {target=A}",0.03674142955768592
413,"{X6=1,X10=2,X11=5} => {target=A}",0.03443727997746338
414,"{X5=4,X9=4,X14=5} => {target=A}",0.03359889779964922
415,"{X2=5,X4=5,X6=5} => {target=A}",0.03522301643012009
416,"{X2=5,X3=1} => {target=A}",0.16020479021996062
417,"{X1=2,X4=1,X7=2} => {target=A}",0.03391332296652877
418,"{X7=2,X9=5,X13=3} => {target=A}",0.03401812286210216
419,"{X3=1,X13=1} => {target=A}",0.15940822947709277
420,"{X1=1,X6=4,X15=4} => {target=A}",0.03338925978826335
421,"{X11=1,X12=1,X15=4} => {target=A}",0.033860921426232114
422,"{X6=1,X7=2,X14=3} => {target=A}",0.0336513046483124
423,"{X1=1,X8=4,X12=1} => {target=A}",0.034332497068662926
424,"{X2=2,X12=2,X15=2} => {target=A}",0.035170641431656144
425,"{X1=2,X2=1,X9=3} => {target=A}",0.0350658882497083
426,"{X6=2,X14=3,X15=2} => {target=A}",0.035484875497340265
427,"{X5=1,X8=2,X9=4} => {target=A}",0.03496113082106723
428,"{X1=3,X5=1,X7=5} => {target=A}",0.03391332296652877
429,"{X3=1,X14=5,X15=5} => {target=A}",0.03270781893635876
430,"{X10=3,X12=1,X13=3} => {target=A}",0.03448966983935367
431,"{X2=5,X7=1,X11=4} => {target=A}",0.03464683305498462
432,"{X1=1,X7=1,X9=3} => {target=A}",0.0336513046483124
433,"{X1=1,X2=1,X5=5} => {target=A}",0.03150175328100886
434,"{X6=2,X10=5,X11=5} => {target=A}",0.034070521217378885
435,"{X8=1,X14=1,X15=5} => {target=A}",0.03228838153924423
436,"{X2=5,X3=1,X11=1} => {target=A}",0.035170641431656144
437,"{X2=4,X13=3,X15=3} => {target=A}",0.03469921867018166
438,"{X10=5,X11=1,X14=4} => {target=A}",0.03396572344515211
439,"{X7=2,X13=5} => {target=A}",0.15477283906801242
440,"{X3=1,X7=5,X15=2} => {target=A}",0.03312718838638159
441,"{X1=2,X10=2,X12=4} => {target=A}",0.03380851882426214
442,"{X1=3,X10=1,X15=2} => {target=A}",0.03511826537151886
443,"{X3=3,X5=2,X15=5} => {target=A}",0.03270781893635876
444,"{X3=3,X4=3,X10=4} => {target=A}",0.03417531474291243
445,"{X8=3,X11=2,X15=2} => {target=A}",0.034384889053899824
446,"{X10=5,X11=3,X13=5} => {target=A}",0.03276024383346819
447,"{X5=3,X9=2,X11=5} => {target=A}",0.03496113082106723
448,"{X3=2,X5=4,X10=2} => {target=A}",0.034070521217378885
449,"{X4=4,X7=3,X14=2} => {target=A}",0.034070521217378885
450,"{X3=5,X5=5,X12=3} => {target=A}",0.034908750514236725
451,{X3=1} => {target=A},0.6836729005962805
452,"{X6=5,X7=1,X15=3} => {target=A}",0.03401812286210216
453,"{X6=5,X11=1,X15=5} => {target=A}",0.03234081492974013
454,"{X3=5,X9=3,X10=2} => {target=A}",0.035484875497340265
455,"{X2=1,X4=1,X5=4} => {target=A}",0.033494080917302896
456,"{X2=2,X10=1,X11=4} => {target=A}",0.034070521217378885
457,"{X1=1,X8=3,X9=5} => {target=A}",0.033756115160618876
458,"{X4=3,X10=4} => {target=A}",0.15826269724874176
459,"{X1=5,X4=4,X5=3} => {target=A}",0.034227709913169244
460,"{X1=1,X4=4,X6=2} => {target=A}",0.03448966983935367
461,"{X2=1,X4=1,X11=5} => {target=A}",0.032550537874990626
462,"{X6=1,X7=5,X15=5} => {target=A}",0.032865090442667125
463,"{X2=2,X4=1,X13=5} => {target=A}",0.0350658882497083
464,"{X1=1,X2=2,X13=5} => {target=A}",0.03370371043530229
465,"{X5=5,X13=4,X15=5} => {target=A}",0.03312718838638159
466,"{X2=4,X10=4,X15=3} => {target=A}",0.035170641431656144
467,"{X3=2,X6=2,X15=5} => {target=A}",0.03480398671555581
468,"{X6=4,X7=2,X9=2} => {target=A}",0.03359889779964922
469,"{X1=3,X2=3,X3=4} => {target=A}",0.03459444637811428
470,"{X7=2,X14=5,X15=5} => {target=A}",0.03192131807892035
471,"{X9=2,X14=3,X15=2} => {target=A}",0.0336513046483124
472,"{X11=2,X14=2,X15=5} => {target=A}",0.0336513046483124
473,"{X6=4,X10=4,X14=1} => {target=A}",0.03511826537151886
474,"{X5=4,X14=5,X15=4} => {target=A}",0.03396572344515211
475,"{X1=2,X2=1,X6=5} => {target=A}",0.034227709913169244
476,"{X1=1,X8=4,X11=5} => {target=A}",0.034751603223705387
477,"{X5=2,X10=2,X13=2} => {target=A}",0.034908750514236725
478,"{X2=4,X4=4,X5=3} => {target=A}",0.033756115160618876
479,"{X4=1,X11=1,X15=3} => {target=A}",0.03522301643012009
480,"{X4=3,X8=1} => {target=A}",0.1579637703888115
481,"{X9=4,X12=5,X15=5} => {target=A}",0.034070521217378885
482,"{X3=1,X11=2,X13=1} => {target=A}",0.036427348372958135
483,"{X6=4,X13=3,X15=2} => {target=A}",0.035170641431656144
484,"{X1=3,X8=3,X11=5} => {target=A}",0.03448966983935367
485,"{X1=1,X2=4,X4=4} => {target=A}",0.034751603223705387
486,"{X3=1,X5=4,X6=2} => {target=A}",0.03527539036691075
487,"{X8=2,X11=1,X15=5} => {target=A}",0.03312718838638159
488,"{X4=3,X6=3,X12=3} => {target=A}",0.035484875497340265
489,"{X11=5,X12=5,X14=5} => {target=A}",0.03302235239391573
490,"{X13=4,X14=4,X15=2} => {target=A}",0.03291751215475664
491,"{X9=5,X10=5,X15=3} => {target=A}",0.034070521217378885
492,"{X3=5,X5=2,X6=4} => {target=A}",0.034542058639570626
493,"{X11=3,X13=5} => {target=A}",0.15552110376126535
494,"{X4=1,X5=2,X13=4} => {target=A}",0.03391332296652877
495,"{X4=3,X6=5,X11=1} => {target=A}",0.034856369145732924
496,"{X1=3,X6=4} => {target=A}",0.15587021220260536
497,"{X2=1,X3=1,X5=1} => {target=A}",0.033756115160618876
498,"{X6=4,X8=5,X11=2} => {target=A}",0.033441670883619774
499,"{X1=4,X3=3,X8=4} => {target=A}",0.033441670883619774
500,"{X2=4,X4=1,X6=3} => {target=A}",0.0336513046483124
501,"{X1=2,X2=1,X11=5} => {target=A}",0.032445678525711986
502,"{X2=1,X4=2,X9=4} => {target=A}",0.034856369145732924
503,"{X1=3,X13=4,X14=5} => {target=A}",0.033546489889312706
504,"{X1=2,X5=1,X11=1} => {target=A}",0.03428010402175274
505,{X14=4} => {target=A},0.6775968295942215
506,"{X3=1,X6=2,X9=5} => {target=A}",0.03558961169251518
507,"{X3=3,X7=4,X9=2} => {target=A}",0.03459444637811428
508,"{X10=3,X14=1,X15=2} => {target=A}",0.03401812286210216
509,"{X4=5,X7=2,X9=4} => {target=A}",0.034751603223705387
510,"{X2=5,X3=2,X4=1} => {target=A}",0.03480398671555581
511,"{X1=4,X2=2,X11=5} => {target=A}",0.0336513046483124
512,"{X2=1,X10=3,X14=4} => {target=A}",0.03380851882426214
513,"{X2=2,X11=5,X14=5} => {target=A}",0.03307477092098531
514,"{X4=5,X7=3,X11=1} => {target=A}",0.033860921426232114
515,"{X3=1,X4=2,X15=3} => {target=A}",0.03574670802272774
516,"{X3=1,X7=5,X8=4} => {target=A}",0.033860921426232114
517,"{X3=1,X10=1,X15=5} => {target=A}",0.034542058639570626
518,"{X9=2,X14=5} => {target=A}",0.1572661257480445
519,"{X2=2,X12=2,X15=3} => {target=A}",0.034332497068662926
520,"{X9=5,X10=2,X15=4} => {target=A}",0.03448966983935367
521,"{X1=1,X13=2,X15=5} => {target=A}",0.03270781893635876
522,"{X1=1,X8=2,X15=5} => {target=A}",0.03328443441253057
523,"{X6=4,X9=1,X14=1} => {target=A}",0.034227709913169244
524,"{X4=4,X6=5,X13=4} => {target=A}",0.0350658882497083
525,"{X1=3,X11=1,X15=4} => {target=A}",0.03527539036691075
526,"{X2=4,X12=1,X15=4} => {target=A}",0.03359889779964922
527,"{X2=1,X5=4,X11=2} => {target=A}",0.03239324725856271
528,"{X4=4,X5=4,X13=3} => {target=A}",0.03522301643012009
529,"{X1=1,X2=1,X8=3} => {target=A}",0.03234081492974013
530,"{X4=3,X10=4,X15=4} => {target=A}",0.03328443441253057
531,"{X3=3,X7=4,X14=2} => {target=A}",0.034856369145732924
532,"{X7=5,X15=5} => {target=A}",0.1524267295044768
533,{X9=2} => {target=A},0.6769282047316538
534,"{X4=2,X13=4,X15=5} => {target=A}",0.03359889779964922
535,"{X1=1,X5=5,X9=2} => {target=A}",0.03317960479010456
536,"{X1=1,X4=3,X8=1} => {target=A}",0.03448966983935367
537,"{X6=2,X10=5,X13=2} => {target=A}",0.035170641431656144
538,"{X1=3,X10=1,X15=4} => {target=A}",0.03459444637811428
539,"{X10=4,X11=1,X14=5} => {target=A}",0.03391332296652877
540,"{X1=1,X7=2,X15=5} => {target=A}",0.032183511573232515
541,"{X10=4,X14=1} => {target=A}",0.15776446458205853
542,"{X4=3,X5=4,X6=4} => {target=A}",0.03522301643012009
543,"{X1=1,X8=3,X9=4} => {target=A}",0.034070521217378885
544,"{X4=2,X6=2,X15=5} => {target=A}",0.03270781893635876
545,"{X6=2,X11=3,X15=5} => {target=A}",0.03192131807892035
546,"{X3=2,X5=4,X6=4} => {target=A}",0.035799071342785316
547,"{X4=3,X8=1,X15=5} => {target=A}",0.03338925978826335
548,"{X12=3,X14=5,X15=5} => {target=A}",0.03202619866166514
549,"{X2=5,X5=3,X6=5} => {target=A}",0.034856369145732924
550,"{X1=1,X13=1,X15=4} => {target=A}",0.03312718838638159
551,"{X5=5,X6=5,X12=3} => {target=A}",0.034122918510982314
552,"{X3=3,X5=3,X8=1} => {target=A}",0.03480398671555581
553,"{X4=1,X12=5,X13=4} => {target=A}",0.034542058639570626
554,"{X1=4,X10=3} => {target=A}",0.15592008059038923
555,"{X1=1,X11=5,X14=4} => {target=A}",0.033756115160618876
556,"{X3=2,X10=5,X13=4} => {target=A}",0.03359889779964922
557,"{X5=4,X11=4,X12=4} => {target=A}",0.034227709913169244
558,"{X3=1,X13=3,X14=4} => {target=A}",0.0350658882497083
559,"{X1=2,X13=2,X14=5} => {target=A}",0.03464683305498462
560,"{X8=4,X12=4,X15=4} => {target=A}",0.03448966983935367
561,"{X8=5,X9=5,X10=4} => {target=A}",0.033860921426232114
562,"{X3=3,X7=4,X14=1} => {target=A}",0.03443727997746338
563,"{X5=2,X12=2,X15=5} => {target=A}",0.033756115160618876
564,"{X2=5,X5=1,X15=4} => {target=A}",0.034542058639570626
565,"{X2=1,X3=4,X9=2} => {target=A}",0.03333684763123361
566,"{X1=1,X7=2,X15=4} => {target=A}",0.033441670883619774
567,"{X7=1,X11=4,X12=5} => {target=A}",0.0350658882497083
568,"{X5=2,X14=5,X15=5} => {target=A}",0.032865090442667125
569,"{X5=3,X14=3,X15=2} => {target=A}",0.03270781893635876
570,"{X5=4,X8=4} => {target=A}",0.15985632833766514
571,"{X1=1,X4=4,X15=5} => {target=A}",0.03144930290374004
572,"{X2=1,X7=1,X11=5} => {target=A}",0.03307477092098531
573,"{X7=2,X11=3,X13=5} => {target=A}",0.034122918510982314
574,"{X7=2,X9=2,X12=3} => {target=A}",0.03391332296652877
575,"{X1=3,X2=2,X11=5} => {target=A}",0.03176398924225335
576,"{X7=2,X14=2} => {target=A}",0.16075226807219603
577,"{X3=3,X9=3,X13=4} => {target=A}",0.03611322896799126
578,"{X6=4,X10=4} => {target=A}",0.16095131907735508
579,"{X2=4,X7=1,X15=4} => {target=A}",0.034227709913169244
580,"{X2=5,X3=1,X14=4} => {target=A}",0.034856369145732924
581,"{X5=5,X7=1,X8=4} => {target=A}",0.03600851400628251
582,"{X5=3,X12=5,X15=3} => {target=A}",0.03469921867018166
583,"{X3=1,X8=2} => {target=A}",0.15950781443337764
584,"{X1=1,X4=2,X8=1} => {target=A}",0.034227709913169244
585,"{X2=5,X7=1,X9=4} => {target=A}",0.034751603223705387
586,"{X6=5,X8=2} => {target=A}",0.16179709634059572
587,"{X2=2,X8=4,X15=5} => {target=A}",0.032550537874990626
588,"{X5=4,X8=1,X13=4} => {target=A}",0.033860921426232114
589,"{X1=1,X4=3,X15=3} => {target=A}",0.033494080917302896
590,"{X7=4,X10=2,X15=4} => {target=A}",0.035432505807242845
591,"{X4=5,X7=2,X13=5} => {target=A}",0.0336513046483124
592,"{X1=4,X4=5,X5=3} => {target=A}",0.033756115160618876
593,"{X1=3,X7=5,X15=4} => {target=A}",0.033860921426232114
594,"{X1=1,X5=1,X15=2} => {target=A}",0.03333684763123361
595,"{X5=5,X14=5,X15=5} => {target=A}",0.03249810873118796
596,"{X8=3,X9=2,X15=5} => {target=A}",0.03380851882426214
597,"{X2=1,X9=3,X11=5} => {target=A}",0.033756115160618876
598,"{X8=2,X11=5,X12=1} => {target=A}",0.03496113082106723
599,"{X1=1,X6=5,X10=2} => {target=A}",0.03417531474291243
600,"{X1=1,X15=3} => {target=A}",0.1556208543385862
601,"{X1=1,X10=4,X14=3} => {target=A}",0.033494080917302896
602,"{X3=4,X5=2,X14=1} => {target=A}",0.03181643324948232
603,"{X3=1,X8=3,X13=2} => {target=A}",0.03496113082106723
604,"{X1=1,X2=5,X14=5} => {target=A}",0.034070521217378885
605,"{X2=2,X3=3,X11=4} => {target=A}",0.035013510066224426
606,"{X2=3,X3=2,X7=2} => {target=A}",0.03428010402175274
607,"{X9=2,X11=3,X14=5} => {target=A}",0.03317960479010456
608,"{X5=1,X9=1,X11=2} => {target=A}",0.03323202013215422
609,"{X1=1,X15=5} => {target=A}",0.15377478122468402
610,{X8=3} => {target=A},0.6869583277423628
611,"{X2=5,X3=3,X12=4} => {target=A}",0.033546489889312706
612,"{X2=1,X7=2,X14=2} => {target=A}",0.03511826537151886
613,"{X6=2,X15=5} => {target=A}",0.15552110376126535
614,"{X3=3,X7=1,X9=4} => {target=A}",0.034908750514236725
615,"{X1=2,X9=2,X13=3} => {target=A}",0.034227709913169244
616,"{X2=2,X11=5} => {target=A}",0.15766480530864213
617,"{X1=4,X8=4,X15=5} => {target=A}",0.031554202596604373
618,"{X5=4,X11=1,X12=1} => {target=A}",0.03522301643012009
619,"{X4=2,X8=4} => {target=A}",0.15746547402172978
620,"{X10=4,X11=5,X15=5} => {target=A}",0.033546489889312706
621,"{X7=1,X10=3,X15=2} => {target=A}",0.034384889053899824
622,"{X4=4,X11=1,X15=5} => {target=A}",0.03338925978826335
623,"{X5=1,X10=2,X15=5} => {target=A}",0.03391332296652877
624,"{X1=1,X11=5,X12=3} => {target=A}",0.033546489889312706
625,"{X12=3,X15=3} => {target=A}",0.15980654382207257
626,"{X4=5,X6=3,X15=4} => {target=A}",0.034384889053899824
627,"{X5=5,X7=1,X9=2} => {target=A}",0.03511826537151886
628,"{X1=3,X10=2,X11=5} => {target=A}",0.034227709913169244
629,"{X4=3,X14=4,X15=5} => {target=A}",0.03239324725856271
630,"{X2=2,X9=4,X10=4} => {target=A}",0.035799071342785316
631,"{X6=3,X13=4,X15=4} => {target=A}",0.033494080917302896
632,"{X1=1,X9=5,X11=5} => {target=A}",0.03249810873118796
633,"{X1=5,X8=5,X11=2} => {target=A}",0.03234081492974013
634,"{X3=1,X5=3,X13=5} => {target=A}",0.034384889053899824
635,"{X1=2,X6=1,X7=2} => {target=A}",0.035537244125764374
636,"{X9=2,X12=5,X13=5} => {target=A}",0.03249810873118796
637,"{X5=5,X7=1} => {target=A}",0.16299061248660912
638,"{X3=5,X11=5,X15=5} => {target=A}",0.034070521217378885
639,"{X2=4,X4=1,X10=1} => {target=A}",0.033860921426232114
640,"{X2=3,X4=3,X15=5} => {target=A}",0.03291751215475664
641,"{X4=2,X8=3,X14=4} => {target=A}",0.034384889053899824
642,"{X2=5,X4=3,X9=3} => {target=A}",0.034542058639570626
643,"{X1=5,X4=3,X15=2} => {target=A}",0.03396572344515211
644,"{X11=1,X14=1,X15=4} => {target=A}",0.03302235239391573
645,"{X1=1,X5=5,X15=4} => {target=A}",0.033441670883619774
646,"{X5=4,X11=1,X13=1} => {target=A}",0.03459444637811428
647,"{X5=5,X10=1,X11=4} => {target=A}",0.035170641431656144
648,"{X5=5,X7=4,X15=4} => {target=A}",0.03391332296652877
649,"{X1=2,X2=5,X6=5} => {target=A}",0.03527539036691075
650,"{X1=2,X8=3,X15=4} => {target=A}",0.03480398671555581
651,"{X8=3,X14=4,X15=5} => {target=A}",0.03260296595711998
652,"{X4=4,X7=1,X14=5} => {target=A}",0.03558961169251518
653,"{X8=1,X11=4,X12=4} => {target=A}",0.033860921426232114
654,"{X10=5,X13=3,X15=5} => {target=A}",0.034227709913169244
655,"{X7=2,X13=5,X14=5} => {target=A}",0.03239324725856271
656,"{X1=1,X5=4,X10=5} => {target=A}",0.034227709913169244
657,"{X9=2,X14=4} => {target=A}",0.15577047224201762
658,"{X7=5,X14=4,X15=2} => {target=A}",0.034751603223705387
659,"{X3=1,X7=2,X9=3} => {target=A}",0.03464683305498462
660,"{X7=2,X11=3,X15=5} => {target=A}",0.032550537874990626
661,"{X8=2,X15=2} => {target=A}",0.1580634169221481
662,"{X1=1,X2=5,X10=5} => {target=A}",0.03380851882426214
663,"{X8=5,X10=5,X14=4} => {target=A}",0.03380851882426214
664,"{X3=2,X8=5,X11=2} => {target=A}",0.03391332296652877
665,"{X4=2,X11=2,X14=5} => {target=A}",0.03417531474291243
666,"{X1=4,X9=4} => {target=A}",0.15861139694585819
667,"{X2=5,X11=5,X12=1} => {target=A}",0.03396572344515211
668,"{X11=5,X12=2,X15=2} => {target=A}",0.034122918510982314
669,"{X5=3,X6=2,X15=5} => {target=A}",0.0336513046483124
670,"{X1=3,X7=5,X10=1} => {target=A}",0.03469921867018166
671,"{X6=4,X13=3} => {target=A}",0.16025456624216677
672,"{X1=4,X5=5,X15=5} => {target=A}",0.03428010402175274
673,"{X3=4,X4=2,X12=3} => {target=A}",0.03511826537151886
674,"{X8=4,X9=4,X15=5} => {target=A}",0.03443727997746338
675,"{X4=1,X8=3,X11=5} => {target=A}",0.03532776324202808
676,"{X5=4,X6=4} => {target=A}",0.15930864027411476
677,"{X4=2,X8=4,X10=3} => {target=A}",0.0350658882497083
678,"{X5=5,X11=5,X15=5} => {target=A}",0.032865090442667125
679,"{X1=1,X3=5,X8=2} => {target=A}",0.0336513046483124
680,"{X10=5,X12=3,X13=3} => {target=A}",0.03317960479010456
681,"{X2=5,X4=5,X12=5} => {target=A}",0.033494080917302896
682,"{X3=1,X6=1,X13=1} => {target=A}",0.03459444637811428
683,"{X1=1,X5=3,X10=4} => {target=A}",0.03606087201797355
684,"{X5=1,X7=1,X10=2} => {target=A}",0.034227709913169244
685,{X11=3} => {target=A},0.6703724145220558
686,"{X6=5,X8=4,X14=5} => {target=A}",0.03511826537151886
687,"{X12=1,X14=4,X15=4} => {target=A}",0.034856369145732924
688,"{X1=3,X2=2,X12=3} => {target=A}",0.03333684763123361
689,"{X2=1,X3=1,X4=5} => {target=A}",0.036636740076136556
690,"{X6=4,X15=5} => {target=A}",0.1552218265491435
691,"{X4=1,X11=5,X15=2} => {target=A}",0.034384889053899824
692,"{X2=1,X10=5,X11=4} => {target=A}",0.03296993280517284
693,"{X8=2,X15=5} => {target=A}",0.15362503592045568
694,"{X5=4,X8=5,X10=3} => {target=A}",0.03328443441253057
695,"{X1=5,X3=4,X9=4} => {target=A}",0.034751603223705387
696,"{X3=5,X12=5,X14=1} => {target=A}",0.03359889779964922
697,"{X3=1,X5=3,X9=2} => {target=A}",0.03443727997746338
698,"{X2=5,X3=4,X6=3} => {target=A}",0.032445678525711986
699,"{X1=1,X12=4,X15=2} => {target=A}",0.03448966983935367
700,"{X1=1,X7=1,X8=3} => {target=A}",0.03428010402175274
701,"{X3=1,X8=3,X11=2} => {target=A}",0.03532776324202808
702,"{X1=1,X10=1,X11=5} => {target=A}",0.03627029344800458
703,"{X3=3,X4=2,X14=5} => {target=A}",0.03359889779964922
704,"{X3=5,X4=3,X15=3} => {target=A}",0.03469921867018166
705,"{X1=3,X2=1,X6=4} => {target=A}",0.03223594708707503
706,"{X1=2,X2=3,X9=3} => {target=A}",0.035170641431656144
707,"{X12=5,X14=2,X15=3} => {target=A}",0.03443727997746338
708,"{X3=3,X13=2,X15=1} => {target=A}",0.034070521217378885
709,"{X4=3,X10=4,X13=5} => {target=A}",0.03396572344515211
710,"{X4=2,X5=4,X9=2} => {target=A}",0.035013510066224426
711,"{X7=2,X12=3,X14=3} => {target=A}",0.03338925978826335
712,"{X2=1,X5=4,X13=5} => {target=A}",0.03333684763123361
713,"{X3=3,X10=3,X12=5} => {target=A}",0.03448966983935367
714,"{X2=3,X5=2,X9=2} => {target=A}",0.03459444637811428
715,"{X7=5,X10=2,X11=5} => {target=A}",0.0336513046483124
716,"{X8=3,X11=1,X15=5} => {target=A}",0.03333684763123361
717,"{X2=2,X10=1,X15=4} => {target=A}",0.034332497068662926
718,"{X8=3,X9=4,X14=1} => {target=A}",0.03401812286210216
719,"{X4=3,X9=5,X15=3} => {target=A}",0.03443727997746338
720,"{X4=1,X5=4,X15=3} => {target=A}",0.03459444637811428
721,"{X1=5,X7=5,X15=5} => {target=A}",0.03276024383346819
722,"{X1=2,X4=2,X8=3} => {target=A}",0.03359889779964922
723,"{X5=1,X11=5,X14=4} => {target=A}",0.0336513046483124
724,"{X8=1,X11=3,X13=3} => {target=A}",0.034384889053899824
725,"{X3=1,X11=1,X14=4} => {target=A}",0.034908750514236725
726,"{X2=3,X7=3,X9=4} => {target=A}",0.03448966983935367
727,"{X1=1,X13=2,X14=2} => {target=A}",0.03396572344515211
728,"{X3=4,X11=2,X13=3} => {target=A}",0.03417531474291243
729,{X7=1} => {target=A},0.6852243747614922
730,"{X3=1,X13=1,X15=3} => {target=A}",0.03668908534774788
731,"{X1=5,X14=4,X15=2} => {target=A}",0.0336513046483124
732,"{X2=5,X6=3,X15=5} => {target=A}",0.03291751215475664
733,"{X1=3,X2=3,X13=1} => {target=A}",0.03564197819759267
734,"{X5=4,X12=5,X13=5} => {target=A}",0.03417531474291243
735,"{X1=1,X3=1,X8=3} => {target=A}",0.036793772705950634
736,"{X5=3,X11=4,X14=4} => {target=A}",0.033756115160618876
737,"{X2=3,X3=2,X5=3} => {target=A}",0.034070521217378885
738,"{X6=4,X14=5,X15=4} => {target=A}",0.0336513046483124
739,"{X3=1,X5=5,X8=2} => {target=A}",0.034856369145732924
740,"{X8=2,X12=1,X14=4} => {target=A}",0.034384889053899824
741,"{X3=4,X4=2,X6=4} => {target=A}",0.035013510066224426
742,"{X5=2,X7=2,X13=3} => {target=A}",0.034122918510982314
743,"{X2=2,X7=1,X13=2} => {target=A}",0.034332497068662926
744,"{X2=5,X7=3,X13=5} => {target=A}",0.034384889053899824
745,"{X1=2,X5=2,X14=5} => {target=A}",0.03401812286210216
746,"{X4=4,X12=1,X15=4} => {target=A}",0.034542058639570626
747,"{X1=2,X5=5,X12=3} => {target=A}",0.03323202013215422
748,"{X9=2,X12=5,X15=4} => {target=A}",0.035013510066224426
749,"{X1=2,X2=2,X14=5} => {target=A}",0.034384889053899824
750,"{X2=2,X9=3,X12=5} => {target=A}",0.034856369145732924
751,"{X1=4,X12=2,X15=3} => {target=A}",0.03312718838638159
752,"{X3=1,X7=5,X11=4} => {target=A}",0.034908750514236725
753,"{X1=1,X5=2,X7=4} => {target=A}",0.034751603223705387
754,"{X9=4,X11=1,X12=4} => {target=A}",0.034542058639570626
755,"{X9=3,X11=3,X14=2} => {target=A}",0.03448966983935367
756,"{X12=5,X14=5,X15=4} => {target=A}",0.033441670883619774
757,"{X7=5,X12=1,X14=2} => {target=A}",0.03396572344515211
758,"{X9=2,X13=5,X15=5} => {target=A}",0.03296993280517284
759,"{X1=1,X8=3,X14=2} => {target=A}",0.03600851400628251
760,"{X4=4,X13=3,X14=5} => {target=A}",0.03459444637811428
761,"{X8=3,X12=1,X14=2} => {target=A}",0.034122918510982314
762,"{X1=1,X2=4,X7=2} => {target=A}",0.03323202013215422
763,"{X5=1,X11=1,X13=5} => {target=A}",0.034122918510982314
764,"{X11=1,X12=5,X14=1} => {target=A}",0.03469921867018166
765,"{X1=1,X2=2,X8=1} => {target=A}",0.03307477092098531
766,"{X5=4,X9=2} => {target=A}",0.15831251467620686
767,"{X5=4,X6=4,X9=1} => {target=A}",0.03370371043530229
768,"{X5=4,X9=2,X15=5} => {target=A}",0.03307477092098531
769,"{X6=3,X14=5,X15=5} => {target=A}",0.033546489889312706
770,"{X10=1,X11=5,X13=1} => {target=A}",0.034856369145732924
771,"{X1=5,X2=2,X7=1} => {target=A}",0.03396572344515211
772,"{X3=2,X4=1,X14=3} => {target=A}",0.034122918510982314
773,"{X2=5,X3=5,X11=5} => {target=A}",0.0336513046483124
774,{X15=3} => {target=A},0.6766309277120441
775,"{X2=3,X4=1,X15=2} => {target=A}",0.03443727997746338
776,"{X3=1,X9=2,X12=3} => {target=A}",0.03417531474291243
777,"{X1=2,X6=1,X15=5} => {target=A}",0.03323202013215422
778,"{X9=4,X14=1,X15=5} => {target=A}",0.03338925978826335
779,"{X1=2,X5=5,X15=5} => {target=A}",0.03239324725856271
780,"{X5=5,X11=4,X15=4} => {target=A}",0.03522301643012009
781,"{X6=1,X8=2,X11=1} => {target=A}",0.03480398671555581
782,"{X4=3,X9=5,X15=5} => {target=A}",0.03464683305498462
783,"{X6=3,X8=4,X9=2} => {target=A}",0.03538013505547212
784,{X14=1} => {target=A},0.6769653595815751
785,"{X6=1,X8=3} => {target=A}",0.15891024099527037
786,"{X12=3,X13=1,X14=1} => {target=A}",0.033756115160618876
787,"{X1=3,X6=4,X10=1} => {target=A}",0.035903794797880514
788,"{X8=3,X12=1} => {target=A}",0.16025456624216677
789,"{X2=5,X3=5,X6=3} => {target=A}",0.032865090442667125
790,"{X5=4,X7=3,X15=5} => {target=A}",0.03202619866166514
791,"{X8=4,X12=1,X13=3} => {target=A}",0.035170641431656144
792,"{X5=1,X8=1,X14=1} => {target=A}",0.034542058639570626
793,"{X2=2,X5=1,X15=2} => {target=A}",0.035013510066224426
794,"{X1=4,X2=4,X15=2} => {target=A}",0.03522301643012009
795,"{X6=1,X7=2} => {target=A}",0.15876082374809417
796,"{X2=5,X5=5,X15=4} => {target=A}",0.033494080917302896
797,"{X4=3,X10=2,X12=3} => {target=A}",0.03464683305498462
798,"{X1=4,X2=4,X7=2} => {target=A}",0.03469921867018166
799,"{X3=3,X14=1} => {target=A}",0.1572661257480445
800,"{X1=3,X7=2,X15=5} => {target=A}",0.03270781893635876
801,"{X3=2,X5=4,X15=4} => {target=A}",0.03443727997746338
802,"{X1=3,X5=2,X10=1} => {target=A}",0.03574670802272774
803,"{X11=3,X12=3,X15=5} => {target=A}",0.03249810873118796
804,"{X1=1,X9=2,X15=5} => {target=A}",0.03291751215475664
805,"{X9=5,X10=4,X12=4} => {target=A}",0.035799071342785316
806,"{X1=5,X2=1,X14=4} => {target=A}",0.034227709913169244
807,"{X3=1,X11=5,X13=3} => {target=A}",0.035903794797880514
808,"{X1=3,X10=1} => {target=A}",0.16269229078046438
809,"{X1=1,X2=1,X8=4} => {target=A}",0.03181643324948232
810,"{X6=5,X14=4,X15=5} => {target=A}",0.03328443441253057
811,"{X2=5,X6=3,X8=4} => {target=A}",0.034384889053899824
812,"{X6=4,X15=3} => {target=A}",0.1581132385963065
813,"{X1=5,X4=2,X5=3} => {target=A}",0.035013510066224426
814,"{X10=4,X12=2,X15=3} => {target=A}",0.03307477092098531
815,"{X7=1,X10=5,X13=1} => {target=A}",0.034332497068662926
816,"{X5=5,X9=2,X15=5} => {target=A}",0.032550537874990626
817,"{X5=4,X7=5,X15=4} => {target=A}",0.034384889053899824
818,"{X2=2,X6=4,X12=1} => {target=A}",0.03538013505547212
819,"{X1=1,X8=3,X15=4} => {target=A}",0.03417531474291243
820,"{X2=3,X14=2,X15=2} => {target=A}",0.035170641431656144
821,"{X2=3,X10=5,X15=3} => {target=A}",0.03396572344515211
822,"{X2=4,X5=1,X9=3} => {target=A}",0.03401812286210216
823,"{X11=5,X14=4} => {target=A}",0.1578142926262567
824,"{X9=3,X13=4,X14=5} => {target=A}",0.03522301643012009
825,"{X5=5,X12=4,X13=4} => {target=A}",0.03464683305498462
826,"{X1=2,X2=3,X15=4} => {target=A}",0.03496113082106723
827,"{X2=1,X5=5,X14=2} => {target=A}",0.033756115160618876
828,"{X4=5,X10=1,X12=2} => {target=A}",0.035013510066224426
829,"{X1=1,X2=4,X12=4} => {target=A}",0.03532776324202808
830,"{X7=1,X13=5,X15=3} => {target=A}",0.03370371043530229
831,"{X8=5,X9=3,X12=3} => {target=A}",0.03511826537151886
832,"{X9=2,X13=5,X14=5} => {target=A}",0.032655392977576025
833,"{X1=3,X5=4,X10=3} => {target=A}",0.03448966983935367
834,"{X1=1,X7=2,X9=2} => {target=A}",0.033546489889312706
835,"{X1=5,X3=1,X15=2} => {target=A}",0.03538013505547212
836,"{X10=3,X11=3,X14=3} => {target=A}",0.032550537874990626
837,"{X2=3,X13=3} => {target=A}",0.15786411960878163
838,"{X1=4,X2=4,X14=5} => {target=A}",0.034384889053899824
839,"{X1=2,X2=3,X13=5} => {target=A}",0.0336513046483124
840,"{X2=1,X5=1,X6=4} => {target=A}",0.03291751215475664
841,"{X2=4,X4=1,X13=2} => {target=A}",0.03312718838638159
842,"{X2=1,X5=4,X14=2} => {target=A}",0.03574670802272774
843,"{X1=3,X2=1,X11=5} => {target=A}",0.031711544173351064
844,"{X1=1,X5=5,X7=1} => {target=A}",0.034751603223705387
845,"{X5=5,X9=2,X15=4} => {target=A}",0.03459444637811428
846,"{X9=5,X11=1,X14=1} => {target=A}",0.03480398671555581
847,"{X7=2,X14=5,X15=4} => {target=A}",0.033494080917302896
848,"{X1=3,X11=2,X13=1} => {target=A}",0.03459444637811428
849,{X12=3} => {target=A},0.6803420067599489
850,"{X9=1,X10=5} => {target=A}",0.6812681176573815
851,"{X5=2,X6=1,X7=2} => {target=A}",0.034070521217378885
852,"{X4=3,X10=4,X11=3} => {target=A}",0.033860921426232114
853,"{X2=2,X12=3,X13=2} => {target=A}",0.034070521217378885
854,"{X5=5,X7=1,X11=4} => {target=A}",0.03496113082106723
855,"{X12=1,X13=3,X15=4} => {target=A}",0.034542058639570626
856,"{X1=3,X3=4,X10=4} => {target=A}",0.03511826537151886
857,"{X1=1,X13=3,X14=1} => {target=A}",0.03459444637811428
858,"{X3=5,X9=2,X13=5} => {target=A}",0.0336513046483124
859,"{X11=3,X12=3,X14=5} => {target=A}",0.03370371043530229
860,"{X2=1,X11=5,X15=2} => {target=A}",0.032865090442667125
861,"{X2=4,X14=1,X15=5} => {target=A}",0.03291751215475664
862,"{X6=3,X14=5} => {target=A}",0.1569172253946728
863,"{X8=2,X9=4,X13=5} => {target=A}",0.034070521217378885
864,"{X13=4,X14=4} => {target=A}",0.1569172253946728
865,"{X1=1,X4=1,X9=2} => {target=A}",0.032812667668904325
866,"{X2=4,X3=3,X7=2} => {target=A}",0.034070521217378885
867,"{X1=1,X8=2,X15=2} => {target=A}",0.033756115160618876
868,"{X5=3,X8=3,X11=3} => {target=A}",0.03469921867018166
869,"{X13=3,X14=5,X15=5} => {target=A}",0.03202619866166514
870,"{X3=5,X10=4,X14=5} => {target=A}",0.03370371043530229
871,"{X1=4,X9=3,X14=5} => {target=A}",0.03338925978826335
872,"{X1=1,X2=2,X5=1} => {target=A}",0.03417531474291243
873,"{X1=2,X6=4,X13=3} => {target=A}",0.03480398671555581
874,"{X1=1,X10=4,X13=1} => {target=A}",0.033860921426232114
875,"{X1=1,X2=4,X5=4} => {target=A}",0.035484875497340265
876,"{X10=5,X11=1,X15=3} => {target=A}",0.03443727997746338
877,"{X7=2,X13=1} => {target=A}",0.1587110158756888
878,"{X3=1,X12=5} => {target=A}",0.15886043630788496
879,"{X3=1,X8=2,X15=3} => {target=A}",0.034908750514236725
880,"{X3=1,X9=5,X11=5} => {target=A}",0.035432505807242845
881,"{X5=4,X12=5,X15=5} => {target=A}",0.03223594708707503
882,"{X3=3,X4=2,X7=5} => {target=A}",0.032812667668904325
883,"{X10=3,X13=5,X14=1} => {target=A}",0.0336513046483124
884,"{X11=1,X15=5} => {target=A}",0.15377478122468402
885,"{X8=4,X11=5} => {target=A}",0.15975675824480667
886,"{X3=1,X5=2,X11=2} => {target=A}",0.03380851882426214
887,"{X1=2,X2=1,X3=1} => {target=A}",0.03307477092098531
888,"{X11=1,X12=5,X15=5} => {target=A}",0.032550537874990626
889,"{X1=1,X8=2,X9=4} => {target=A}",0.034122918510982314
890,"{X1=1,X4=4,X13=1} => {target=A}",0.03443727997746338
891,"{X3=1,X4=1,X8=3} => {target=A}",0.03469921867018166
892,"{X5=3,X6=3,X14=3} => {target=A}",0.034122918510982314
893,"{X1=1,X6=3,X8=1} => {target=A}",0.03312718838638159
894,"{X5=3,X12=3,X14=1} => {target=A}",0.03464683305498462
895,"{X5=4,X12=4,X14=3} => {target=A}",0.03312718838638159
896,"{X3=3,X11=4,X15=3} => {target=A}",0.03396572344515211
897,"{X2=2,X5=2,X15=4} => {target=A}",0.03396572344515211
898,"{X3=1,X5=3} => {target=A}",0.1581630592087915
899,"{X3=1,X12=3,X15=3} => {target=A}",0.03401812286210216
900,"{X1=2,X3=1} => {target=A}",0.1569172253946728
901,"{X1=3,X2=2,X13=3} => {target=A}",0.034384889053899824
902,"{X5=4,X6=4,X15=2} => {target=A}",0.033494080917302896
903,"{X5=4,X8=1,X14=1} => {target=A}",0.034384889053899824
904,"{X10=1,X15=4} => {target=A}",0.15920904682444353
905,"{X5=4,X10=2,X14=2} => {target=A}",0.03558961169251518
906,"{X1=4,X6=1,X9=4} => {target=A}",0.03380851882426214
907,"{X1=1,X4=3,X13=1} => {target=A}",0.03307477092098531
908,"{X1=5,X2=2,X11=5} => {target=A}",0.03380851882426214
909,"{X8=5,X14=4,X15=2} => {target=A}",0.034122918510982314
910,"{X2=1,X7=4,X9=2} => {target=A}",0.032445678525711986
911,"{X2=3,X6=2,X14=3} => {target=A}",0.03401812286210216
912,"{X5=4,X11=1,X15=5} => {target=A}",0.03296993280517284
913,"{X1=3,X9=3,X11=3} => {target=A}",0.034070521217378885
914,"{X2=5,X11=5,X15=5} => {target=A}",0.0336513046483124
915,"{X2=2,X6=1,X11=5} => {target=A}",0.033756115160618876
916,"{X3=1,X8=5,X12=5} => {target=A}",0.03380851882426214
917,"{X7=1,X8=3,X13=3} => {target=A}",0.034542058639570626
918,"{X2=3,X7=2,X13=5} => {target=A}",0.033860921426232114
919,"{X7=2,X13=3} => {target=A}",0.1592588440801158
920,"{X1=3,X14=5,X15=4} => {target=A}",0.0336513046483124
921,"{X13=3,X15=5} => {target=A}",0.15577047224201762
922,"{X2=5,X5=1,X6=3} => {target=A}",0.0336513046483124
923,"{X1=1,X4=5,X11=5} => {target=A}",0.03333684763123361
924,"{X2=1,X14=3,X15=5} => {target=A}",0.032812667668904325
925,{X15=4} => {target=A},0.6782279927832819
926,"{X1=1,X4=3,X7=5} => {target=A}",0.03464683305498462
927,"{X9=3,X12=2,X13=4} => {target=A}",0.034751603223705387
928,"{X2=4,X7=5,X9=4} => {target=A}",0.03359889779964922
929,"{X2=4,X7=2,X14=3} => {target=A}",0.034856369145732924
930,"{X11=5,X12=1,X14=4} => {target=A}",0.034384889053899824
931,"{X2=3,X12=2,X13=3} => {target=A}",0.03558961169251518
932,"{X4=3,X9=2,X13=5} => {target=A}",0.03312718838638159
933,"{X3=4,X4=5,X8=1} => {target=A}",0.0336513046483124
934,"{X7=1,X12=2} => {target=A}",0.15905964868738687
935,"{X7=1,X8=2,X15=3} => {target=A}",0.035170641431656144
936,"{X3=3,X9=4,X11=3} => {target=A}",0.03611322896799126
937,"{X12=1,X13=2,X15=4} => {target=A}",0.03428010402175274
938,"{X3=5,X6=1,X11=3} => {target=A}",0.033860921426232114
939,"{X2=2,X5=3,X12=1} => {target=A}",0.034227709913169244
940,"{X1=1,X2=5,X7=1} => {target=A}",0.0350658882497083
941,"{X5=3,X14=5,X15=5} => {target=A}",0.03270781893635876
942,"{X2=1,X10=1,X13=2} => {target=A}",0.03459444637811428
943,"{X1=3,X15=5} => {target=A}",0.15442356712898297
944,"{X1=1,X5=4,X15=5} => {target=A}",0.03312718838638159
945,"{X3=2,X10=1,X11=1} => {target=A}",0.03459444637811428
946,"{X2=2,X14=5,X15=4} => {target=A}",0.03338925978826335
947,"{X10=1,X13=2} => {target=A}",0.15696707148731726
948,"{X5=5,X6=1,X10=1} => {target=A}",0.03464683305498462
949,"{X3=1,X8=3} => {target=A}",0.16418351710879714
950,"{X9=3,X10=1,X14=5} => {target=A}",0.034542058639570626
951,"{X1=2,X7=2,X12=3} => {target=A}",0.034751603223705387
952,"{X2=2,X14=5} => {target=A}",0.1569172253946728
953,"{X10=2,X14=5,X15=5} => {target=A}",0.03359889779964922
954,"{X6=3,X10=3,X15=5} => {target=A}",0.03328443441253057
955,"{X2=1,X14=2,X15=4} => {target=A}",0.03276024383346819
956,"{X4=3,X6=4,X13=3} => {target=A}",0.034384889053899824
957,"{X3=3,X6=2,X15=5} => {target=A}",0.03359889779964922
958,"{X3=1,X8=3,X9=2} => {target=A}",0.03585143360116957
959,"{X3=1,X4=5,X6=1} => {target=A}",0.0350658882497083
960,"{X2=4,X11=1} => {target=A}",0.15756514178853256
961,"{X10=4,X11=1} => {target=A}",0.15881063055882622
962,"{X9=2,X13=2,X15=3} => {target=A}",0.03428010402175274
963,"{X1=2,X2=1,X15=3} => {target=A}",0.033494080917302896
964,"{X1=1,X11=3,X15=5} => {target=A}",0.032812667668904325
965,"{X4=1,X9=3,X15=2} => {target=A}",0.034751603223705387
966,"{X1=2,X9=5,X12=5} => {target=A}",0.034070521217378885
967,"{X4=3,X5=5,X11=5} => {target=A}",0.034332497068662926
968,"{X2=2,X6=5,X9=1} => {target=A}",0.03522301643012009
969,"{X1=2,X11=1,X12=4} => {target=A}",0.033860921426232114
970,"{X3=5,X5=5,X15=3} => {target=A}",0.03469921867018166
971,"{X1=1,X9=2,X13=4} => {target=A}",0.03260296595711998
972,"{X1=5,X4=4,X10=4} => {target=A}",0.03496113082106723
973,"{X3=3,X11=4,X14=2} => {target=A}",0.034908750514236725
974,"{X4=4,X6=3,X13=2} => {target=A}",0.0350658882497083
975,"{X1=1,X2=5,X15=5} => {target=A}",0.03192131807892035
976,"{X2=3,X3=2,X4=1} => {target=A}",0.0350658882497083
977,"{X1=5,X11=5,X15=2} => {target=A}",0.03606087201797355
978,"{X6=3,X7=5,X13=4} => {target=A}",0.03448966983935367
979,"{X3=2,X4=1,X10=4} => {target=A}",0.035484875497340265
980,"{X1=2,X7=2,X15=3} => {target=A}",0.03401812286210216
981,"{X2=4,X5=5,X12=3} => {target=A}",0.03391332296652877
982,"{X1=1,X8=3,X12=5} => {target=A}",0.03511826537151886
983,"{X5=4,X11=1} => {target=A}",0.15965718390525496
984,"{X4=1,X5=5,X7=1} => {target=A}",0.03658439374285192
985,"{X2=1,X3=3,X10=3} => {target=A}",0.034227709913169244
986,"{X4=4,X10=4,X13=4} => {target=A}",0.03469921867018166
987,"{X2=4,X11=1,X12=4} => {target=A}",0.03448966983935367
988,"{X4=4,X7=1} => {target=A}",0.16015501313608116
989,"{X8=4,X10=3,X13=5} => {target=A}",0.03391332296652877
990,"{X1=1,X8=2} => {target=A}",0.1579139455296332
991,"{X3=4,X12=2,X15=3} => {target=A}",0.03317960479010456
992,"{X1=1,X6=5,X8=2} => {target=A}",0.034542058639570626
993,"{X3=4,X7=1} => {target=A}",0.15891024099527037
994,"{X1=5,X3=1,X6=1} => {target=A}",0.0350658882497083
995,"{X10=4,X11=5} => {target=A}",0.15876082374809417
996,"{X2=1,X8=1,X13=4} => {target=A}",0.03464683305498462
997,"{X10=1,X12=5} => {target=A}",0.15696707148731726
998,"{X5=2,X6=5,X8=5} => {target=A}",0.03391332296652877
999,"{X1=5,X3=2} => {target=A}",0.15861139694585819
1000,"{X8=5,X11=2,X15=5} => {target=A}",0.03296993280517284
1001,"{X4=2,X8=1,X15=3} => {target=A}",0.035432505807242845
1002,"{X11=1,X13=5,X15=5} => {target=A}",0.03249810873118796
1003,"{X1=3,X2=3,X7=2} => {target=A}",0.03469921867018166
1004,"{X3=1,X4=1,X15=5} => {target=A}",0.03448966983935367
1005,"{X1=1,X4=4} => {target=A}",0.16060296867075696
1006,"{X7=1,X8=4,X14=5} => {target=A}",0.03443727997746338
1007,"{X3=5,X10=3,X11=5} => {target=A}",0.03391332296652877
1008,"{X1=1,X11=5,X15=5} => {target=A}",0.03249810873118796
1009,"{X5=3,X7=3,X14=4} => {target=A}",0.033860921426232114
1010,"{X8=1,X13=2} => {target=A}",0.1579139455296332
1011,"{X6=3,X10=5,X14=5} => {target=A}",0.033860921426232114
1012,"{X4=1,X5=4,X9=4} => {target=A}",0.03380851882426214
1013,"{X3=3,X5=5,X14=2} => {target=A}",0.03443727997746338
1014,"{X7=1,X11=4,X15=3} => {target=A}",0.034542058639570626
1015,"{X1=1,X2=3,X7=2} => {target=A}",0.03464683305498462
1016,"{X12=5,X13=4,X14=1} => {target=A}",0.03307477092098531
1017,"{X3=3,X10=5,X13=2} => {target=A}",0.03380851882426214
1018,"{X2=3,X4=4,X12=3} => {target=A}",0.03480398671555581
1019,"{X3=3,X8=4,X13=2} => {target=A}",0.034122918510982314
1020,"{X2=3,X3=1,X11=2} => {target=A}",0.035799071342785316
1021,"{X4=1,X8=5,X11=2} => {target=A}",0.03417531474291243
1022,"{X3=1,X11=2,X15=3} => {target=A}",0.03459444637811428
1023,"{X8=1,X15=3} => {target=A}",0.15736580200823372
1024,"{X6=4,X14=1} => {target=A}",0.1566181265436667
1025,"{X1=4,X6=1,X10=3} => {target=A}",0.03527539036691075
1026,"{X7=1,X8=3,X9=4} => {target=A}",0.035170641431656144
1027,"{X2=1,X5=3,X14=5} => {target=A}",0.03391332296652877
1028,"{X2=5,X8=3,X11=4} => {target=A}",0.033494080917302896
1029,"{X7=2,X10=2,X13=3} => {target=A}",0.03480398671555581
1030,"{X1=4,X3=2,X15=5} => {target=A}",0.03333684763123361
1031,"{X14=4,X15=5} => {target=A}",0.15357511869569956
1032,"{X1=5,X2=5,X3=3} => {target=A}",0.03391332296652877
1033,"{X9=2,X15=3} => {target=A}",0.1579637703888115
1034,"{X8=3,X13=2,X15=1} => {target=A}",0.03448966983935367
1035,"{X1=2,X10=2,X13=1} => {target=A}",0.034122918510982314
1036,"{X4=4,X5=2,X10=4} => {target=A}",0.03522301643012009
1037,"{X1=1,X6=4,X15=5} => {target=A}",0.032183511573232515
1038,"{X2=2,X5=3,X7=4} => {target=A}",0.03401812286210216
1039,"{X4=1,X8=2,X12=4} => {target=A}",0.03417531474291243
1040,"{X2=4,X8=5,X13=3} => {target=A}",0.03417531474291243
1041,"{X5=3,X7=1,X11=5} => {target=A}",0.03312718838638159
1042,"{X4=1,X14=1,X15=5} => {target=A}",0.031239490777931672
1043,"{X5=4,X13=3} => {target=A}",0.16134937012735448
1044,"{X1=3,X10=5,X13=2} => {target=A}",0.03370371043530229
1045,"{X1=1,X6=5,X15=5} => {target=A}",0.03234081492974013
1046,"{X3=2,X8=3,X15=4} => {target=A}",0.033860921426232114
1047,"{X8=5,X11=3,X13=5} => {target=A}",0.03333684763123361
1048,"{X1=1,X11=5,X12=5} => {target=A}",0.032865090442667125
1049,"{X3=1,X14=4,X15=3} => {target=A}",0.03417531474291243
1050,"{X1=2,X14=5,X15=3} => {target=A}",0.03616558485633568
1051,"{X3=1,X5=4,X8=4} => {target=A}",0.035432505807242845
1052,"{X2=1,X11=3,X14=1} => {target=A}",0.031082120536005665
1053,"{X5=4,X8=3,X15=4} => {target=A}",0.03459444637811428
1054,"{X6=5,X10=1,X11=5} => {target=A}",0.03428010402175274
1055,"{X7=2,X12=3} => {target=A}",0.15741563854581841
1056,"{X1=4,X12=5,X15=5} => {target=A}",0.03333684763123361
1057,"{X5=4,X13=1,X15=4} => {target=A}",0.03307477092098531
1058,"{X5=5,X6=3,X13=3} => {target=A}",0.034332497068662926
1059,"{X4=2,X7=2,X14=5} => {target=A}",0.03401812286210216
1060,"{X1=4,X4=4,X9=1} => {target=A}",0.034542058639570626
1061,"{X2=1,X10=2,X15=5} => {target=A}",0.03296993280517284
1062,"{X1=2,X11=1,X15=5} => {target=A}",0.032655392977576025
1063,"{X1=1,X14=3,X15=3} => {target=A}",0.033494080917302896
1064,"{X2=4,X6=2,X11=1} => {target=A}",0.03480398671555581
1065,"{X7=2,X13=3,X14=4} => {target=A}",0.03302235239391573
1066,"{X11=4,X13=3,X15=3} => {target=A}",0.03428010402175274
1067,"{X1=1,X8=2,X13=5} => {target=A}",0.033494080917302896
1068,"{X3=3,X9=4,X14=2} => {target=A}",0.03448966983935367
1069,"{X2=5,X6=3,X12=5} => {target=A}",0.033756115160618876
1070,"{X1=2,X13=2,X15=5} => {target=A}",0.03428010402175274
1071,"{X2=4,X7=2,X12=3} => {target=A}",0.035170641431656144
1072,"{X2=3,X11=1,X12=1} => {target=A}",0.03443727997746338
1073,"{X6=5,X11=5,X15=5} => {target=A}",0.03317960479010456
1074,"{X9=2,X12=5,X14=5} => {target=A}",0.03045254401770392
1075,"{X6=4,X10=5,X15=3} => {target=A}",0.034070521217378885
1076,"{X8=1,X14=1} => {target=A}",0.15671783040736195
1077,"{X3=2,X5=4,X13=3} => {target=A}",0.033860921426232114
1078,"{X7=1,X12=5,X15=2} => {target=A}",0.03391332296652877
1079,"{X7=2,X13=5,X14=4} => {target=A}",0.029560382247639374
1080,"{X3=1,X11=2} => {target=A}",0.15900984718502137
1081,"{X3=1,X4=5,X9=4} => {target=A}",0.03564197819759267
1082,"{X1=2,X5=1,X10=4} => {target=A}",0.03260296595711998
1083,"{X3=3,X8=5,X10=3} => {target=A}",0.035013510066224426
1084,"{X1=5,X4=2,X14=1} => {target=A}",0.03260296595711998
1085,"{X3=1,X6=1,X8=2} => {target=A}",0.035799071342785316
1086,"{X1=4,X3=2,X6=3} => {target=A}",0.033756115160618876
1087,"{X7=5,X14=4} => {target=A}",0.16050343042809773
1088,"{X8=3,X12=5} => {target=A}",0.15876082374809417
1089,"{X8=4,X15=5} => {target=A}",0.15362503592045568
1090,"{X4=2,X5=4,X14=5} => {target=A}",0.033441670883619774
1091,"{X3=2,X7=1,X9=2} => {target=A}",0.034332497068662926
1092,"{X1=1,X4=4,X9=3} => {target=A}",0.03443727997746338
1093,"{X7=3,X10=5,X14=1} => {target=A}",0.03396572344515211
1094,"{X1=2,X3=1,X13=5} => {target=A}",0.033494080917302896
1095,"{X8=4,X11=3,X13=4} => {target=A}",0.03291751215475664
1096,"{X2=5,X9=4,X15=3} => {target=A}",0.034384889053899824
1097,"{X1=5,X5=3,X14=5} => {target=A}",0.034908750514236725
1098,"{X7=1,X15=3} => {target=A}",0.16060296867075696
1099,"{X4=3,X13=5,X15=3} => {target=A}",0.03464683305498462
1100,"{X5=4,X6=1} => {target=A}",0.1572661257480445
1101,"{X7=2,X8=1} => {target=A}",0.1580634169221481
1102,"{X2=1,X6=3,X13=4} => {target=A}",0.03380851882426214
1103,"{X1=1,X7=2,X14=2} => {target=A}",0.03428010402175274
1104,"{X8=2,X11=4,X12=3} => {target=A}",0.03443727997746338
1105,"{X8=4,X12=5} => {target=A}",0.15646856278557397
1106,"{X3=1,X7=5,X12=2} => {target=A}",0.03496113082106723
1107,"{X2=4,X11=3,X14=3} => {target=A}",0.03249810873118796
1108,{X10=1} => {target=A},0.6789701448924645
1109,"{X4=1,X11=5,X15=5} => {target=A}",0.0336513046483124
1110,"{X3=2,X7=1,X10=3} => {target=A}",0.034856369145732924
1111,"{X9=3,X13=3} => {target=A}",0.16209553270745775
1112,"{X2=3,X8=3,X12=3} => {target=A}",0.034384889053899824
1113,"{X9=4,X13=3,X15=2} => {target=A}",0.03480398671555581
1114,"{X5=5,X10=2,X14=4} => {target=A}",0.034384889053899824
1115,"{X2=2,X6=4,X15=4} => {target=A}",0.035537244125764374
1116,"{X9=4,X11=1,X13=1} => {target=A}",0.03396572344515211
1117,"{X8=3,X15=4} => {target=A}",0.16040388793874524
1118,"{X2=4,X13=1,X14=3} => {target=A}",0.03296993280517284
1119,"{X3=3,X10=2,X11=4} => {target=A}",0.034332497068662926
1120,"{X11=1,X13=5,X14=1} => {target=A}",0.03396572344515211
1121,"{X1=1,X4=3,X10=4} => {target=A}",0.035170641431656144
1122,"{X5=5,X11=3,X12=3} => {target=A}",0.03328443441253057
1123,"{X1=1,X2=1,X3=1} => {target=A}",0.03144930290374004
1124,"{X8=2,X9=4,X15=1} => {target=A}",0.034384889053899824
1125,"{X3=3,X7=5} => {target=A}",0.1565682730193091
1126,"{X4=4,X15=4} => {target=A}",0.15671783040736195
1127,"{X6=2,X13=2,X15=5} => {target=A}",0.033546489889312706
1128,"{X4=1,X11=5} => {target=A}",0.1587110158756888
1129,"{X6=4,X9=1} => {target=A}",0.15886043630788496
1130,"{X2=5,X5=4,X6=2} => {target=A}",0.033860921426232114
1131,"{X2=5,X9=2,X13=5} => {target=A}",0.03496113082106723
1132,"{X5=4,X7=4,X10=2} => {target=A}",0.034542058639570626
1133,"{X1=4,X7=1,X11=5} => {target=A}",0.034542058639570626
1134,"{X5=5,X15=4} => {target=A}",0.16174735323026215
1135,"{X3=4,X5=2,X6=4} => {target=A}",0.034227709913169244
1136,"{X5=1,X6=4,X9=1} => {target=A}",0.035013510066224426
1137,"{X1=4,X14=4,X15=5} => {target=A}",0.03338925978826335
1138,"{X7=1,X12=3,X14=2} => {target=A}",0.03417531474291243
1139,"{X7=3,X9=4,X11=1} => {target=A}",0.034227709913169244
1140,"{X3=1,X6=5,X10=1} => {target=A}",0.033441670883619774
1141,"{X1=1,X5=1,X8=2} => {target=A}",0.034908750514236725
1142,"{X1=4,X3=3,X15=4} => {target=A}",0.033546489889312706
1143,"{X6=5,X8=3,X14=2} => {target=A}",0.034908750514236725
1144,"{X11=5,X15=2} => {target=A}",0.15756514178853256
1145,"{X4=4,X14=5,X15=4} => {target=A}",0.03417531474291243
1146,"{X2=4,X9=2,X11=1} => {target=A}",0.034122918510982314
1147,"{X2=3,X7=1,X15=3} => {target=A}",0.036636740076136556
1148,"{X12=3,X14=1} => {target=A}",0.1566181265436667
1149,"{X8=3,X11=2,X13=1} => {target=A}",0.03443727997746338
1150,"{X4=5,X10=1,X14=2} => {target=A}",0.03480398671555581
1151,"{X7=2,X12=5,X13=5} => {target=A}",0.033494080917302896
1152,"{X7=1,X11=4} => {target=A}",0.16085179569812216
1153,"{X2=5,X12=5,X15=3} => {target=A}",0.03469921867018166
1154,"{X1=2,X12=3,X14=3} => {target=A}",0.03443727997746338
1155,"{X3=3,X9=4,X15=5} => {target=A}",0.03469921867018166
1156,"{X3=2,X4=1,X10=2} => {target=A}",0.03428010402175274
1157,"{X4=4,X14=1} => {target=A}",0.1599061117915844
1158,"{X3=2,X8=4,X14=1} => {target=A}",0.03469921867018166
1159,"{X8=3,X9=4,X12=1} => {target=A}",0.033494080917302896
1160,"{X4=2,X6=2,X8=1} => {target=A}",0.03443727997746338
1161,"{X1=3,X10=1,X13=2} => {target=A}",0.03464683305498462
1162,"{X1=1,X9=4,X12=1} => {target=A}",0.03391332296652877
1163,"{X2=3,X3=1,X10=1} => {target=A}",0.03480398671555581
1164,"{X5=1,X8=4,X15=5} => {target=A}",0.03302235239391573
1165,"{X3=1,X7=1,X15=5} => {target=A}",0.03333684763123361
1166,"{X1=1,X6=3,X12=1} => {target=A}",0.03307477092098531
1167,"{X9=3,X10=2,X11=1} => {target=A}",0.03469921867018166
1168,"{X13=1,X15=2} => {target=A}",0.15572060066921378
1169,"{X1=1,X9=2} => {target=A}",0.15582034275314813
1170,"{X1=5,X3=1,X4=2} => {target=A}",0.034070521217378885
1171,"{X8=4,X11=5,X14=2} => {target=A}",0.03527539036691075
1172,"{X1=3,X2=2,X6=5} => {target=A}",0.03202619866166514
1173,"{X1=5,X5=4,X13=3} => {target=A}",0.03391332296652877
1174,"{X9=3,X10=1,X13=2} => {target=A}",0.03417531474291243
1175,"{X7=2,X9=2,X14=3} => {target=A}",0.033860921426232114
1176,"{X10=1,X13=2,X15=5} => {target=A}",0.033756115160618876
1177,"{X9=3,X10=1,X11=5} => {target=A}",0.035013510066224426
1178,"{X5=4,X14=3,X15=2} => {target=A}",0.032550537874990626
1179,"{X2=3,X10=4,X15=4} => {target=A}",0.033860921426232114
1180,"{X9=5,X14=5,X15=4} => {target=A}",0.03276024383346819
1181,"{X10=5,X14=3,X15=3} => {target=A}",0.03312718838638159
1182,"{X2=4,X11=4} => {target=A}",0.15756514178853256
1183,"{X6=1,X10=2,X12=4} => {target=A}",0.03391332296652877
1184,"{X1=2,X2=3,X15=3} => {target=A}",0.034227709913169244
1185,"{X5=4,X9=3,X15=5} => {target=A}",0.034227709913169244
1186,"{X10=3,X14=5,X15=4} => {target=A}",0.034227709913169244
1187,"{X1=1,X2=1,X15=4} => {target=A}",0.03139685146479791
1188,"{X1=3,X3=4,X8=3} => {target=A}",0.034908750514236725
1189,"{X11=1,X15=4} => {target=A}",0.1561694066042092
1190,"{X2=4,X11=4,X14=3} => {target=A}",0.03448966983935367
1191,"{X4=4,X7=1,X8=2} => {target=A}",0.03522301643012009
1192,"{X1=1,X10=4,X11=2} => {target=A}",0.03464683305498462
1193,"{X13=5,X14=5,X15=3} => {target=A}",0.03338925978826335
1194,"{X2=1,X5=4,X7=5} => {target=A}",0.03469921867018166
1195,"{X1=4,X5=3,X10=3} => {target=A}",0.03417531474291243
1196,"{X1=5,X5=1,X6=4} => {target=A}",0.0336513046483124
1197,"{X1=2,X2=3,X11=2} => {target=A}",0.03538013505547212
1198,"{X6=2,X11=2,X15=5} => {target=A}",0.034384889053899824
1199,"{X3=1,X12=5,X14=5} => {target=A}",0.033494080917302896
1200,"{X5=3,X11=4,X13=2} => {target=A}",0.03428010402175274
1201,"{X1=1,X7=2,X11=3} => {target=A}",0.032865090442667125
1202,"{X3=5,X8=3,X11=1} => {target=A}",0.033860921426232114
1203,"{X12=1,X13=3} => {target=A}",0.16040388793874524
1204,"{X1=2,X2=1,X12=1} => {target=A}",0.03391332296652877
1205,"{X1=3,X3=1,X9=1} => {target=A}",0.034070521217378885
1206,"{X1=4,X5=3,X14=5} => {target=A}",0.03328443441253057
1207,"{X4=3,X9=2} => {target=A}",0.15896004462098254
1208,"{X1=3,X10=3} => {target=A}",0.1564187060761964
1209,"{X6=4,X9=1,X15=4} => {target=A}",0.034332497068662926
1210,"{X2=2,X4=1,X15=2} => {target=A}",0.03448966983935367
1211,"{X5=4,X11=2,X12=2} => {target=A}",0.03276024383346819
1212,"{X8=3,X13=5,X14=2} => {target=A}",0.03585143360116957
1213,"{X7=2,X15=4} => {target=A}",0.15611954352479185
1214,"{X3=1,X4=5,X14=4} => {target=A}",0.03606087201797355
1215,"{X1=1,X4=4,X15=4} => {target=A}",0.034384889053899824
1216,"{X7=5,X8=3,X9=4} => {target=A}",0.03480398671555581
1217,"{X10=2,X12=4,X15=5} => {target=A}",0.03249810873118796
1218,"{X5=5,X7=5,X10=1} => {target=A}",0.03448966983935367
1219,"{X1=5,X10=1} => {target=A}",0.15736580200823372
1220,"{X10=4,X12=1} => {target=A}",0.15886043630788496
1221,"{X2=2,X11=5,X14=2} => {target=A}",0.034751603223705387
1222,"{X2=4,X4=1,X12=5} => {target=A}",0.03270781893635876
1223,"{X1=5,X2=1,X12=1} => {target=A}",0.03338925978826335
1224,"{X4=1,X7=5,X15=5} => {target=A}",0.03249810873118796
1225,{X1=1} => {target=A},0.6772625601607066
1226,"{X2=5,X6=3} => {target=A}",0.15512205898504974
1227,"{X5=4,X10=5,X13=4} => {target=A}",0.033546489889312706
1228,"{X1=1,X9=4,X10=1} => {target=A}",0.03370371043530229
1229,"{X4=4,X7=1,X11=4} => {target=A}",0.03522301643012009
1230,"{X2=3,X10=2} => {target=A}",0.1582128787596033
1231,"{X6=1,X15=4} => {target=A}",0.156817530024364
1232,"{X3=5,X5=3,X10=4} => {target=A}",0.03511826537151886
1233,"{X9=2,X14=3,X15=5} => {target=A}",0.03317960479010456
1234,"{X1=1,X3=3,X12=3} => {target=A}",0.03464683305498462
1235,"{X1=3,X10=2,X14=4} => {target=A}",0.03459444637811428
1236,"{X8=4,X12=5,X15=2} => {target=A}",0.03338925978826335
1237,"{X2=3,X7=2,X13=4} => {target=A}",0.034122918510982314
1238,"{X1=5,X3=3,X9=2} => {target=A}",0.034070521217378885
1239,"{X4=1,X5=4,X15=2} => {target=A}",0.03317960479010456
1240,"{X2=1,X5=4} => {target=A}",0.15881063055882622
1241,"{X4=1,X7=5,X8=3} => {target=A}",0.03480398671555581
1242,"{X9=2,X14=5,X15=5} => {target=A}",0.032812667668904325
1243,"{X1=3,X7=1,X8=2} => {target=A}",0.03464683305498462
1244,"{X4=1,X9=2,X13=1} => {target=A}",0.03302235239391573
1245,"{X7=2,X13=4,X14=3} => {target=A}",0.032812667668904325
1246,"{X4=1,X6=2,X12=5} => {target=A}",0.034856369145732924
1247,"{X6=3,X7=1,X12=2} => {target=A}",0.036427348372958135
1248,"{X1=3,X2=3,X15=5} => {target=A}",0.03333684763123361
1249,"{X3=4,X4=3,X13=3} => {target=A}",0.033546489889312706
1250,"{X10=1,X12=3,X15=3} => {target=A}",0.033756115160618876
1251,"{X7=2,X13=1,X14=5} => {target=A}",0.033441670883619774
1252,"{X1=2,X4=2,X15=3} => {target=A}",0.034542058639570626
1253,"{X2=2,X8=3,X15=5} => {target=A}",0.03428010402175274
1254,"{X8=3,X13=5,X15=3} => {target=A}",0.033441670883619774
1255,"{X4=2,X8=3,X14=5} => {target=A}",0.03496113082106723
1256,"{X4=3,X15=3} => {target=A}",0.15786411960878163
1257,"{X1=1,X2=1,X9=4} => {target=A}",0.031659098042775474
1258,"{X6=5,X8=5,X12=5} => {target=A}",0.03380851882426214
1259,"{X1=3,X3=2,X6=4} => {target=A}",0.034384889053899824
1260,"{X6=4,X10=2,X13=2} => {target=A}",0.035432505807242845
1261,"{X9=2,X14=5,X15=3} => {target=A}",0.03401812286210216
1262,"{X4=1,X6=4,X14=1} => {target=A}",0.03459444637811428
1263,"{X3=5,X4=5,X6=3} => {target=A}",0.03496113082106723
1264,"{X5=4,X12=5} => {target=A}",0.15482273081260908
1265,"{X1=2,X2=3,X4=1} => {target=A}",0.034384889053899824
1266,"{X1=1,X11=3,X12=5} => {target=A}",0.034122918510982314
1267,"{X3=3,X5=4,X11=5} => {target=A}",0.03469921867018166
1268,"{X2=5,X5=5,X6=3} => {target=A}",0.03223594708707503
1269,"{X1=1,X9=2,X14=4} => {target=A}",0.032865090442667125
1270,"{X9=5,X11=5,X13=3} => {target=A}",0.03511826537151886
1271,"{X1=1,X7=2,X13=5} => {target=A}",0.033546489889312706
1272,"{X2=4,X7=2,X9=2} => {target=A}",0.034384889053899824
1273,"{X12=1,X15=4} => {target=A}",0.15955760531901003
1274,"{X1=4,X3=2,X6=1} => {target=A}",0.033756115160618876
1275,"{X5=3,X9=5,X12=3} => {target=A}",0.03417531474291243
1276,"{X10=2,X14=4,X15=2} => {target=A}",0.03396572344515211
1277,"{X1=1,X7=1,X12=2} => {target=A}",0.03370371043530229
1278,"{X6=1,X11=5,X15=3} => {target=A}",0.03370371043530229
1279,"{X8=3,X12=1,X15=5} => {target=A}",0.03338925978826335
1280,"{X2=1,X13=1,X15=3} => {target=A}",0.033546489889312706
1281,"{X2=3,X13=3,X15=5} => {target=A}",0.03291751215475664
1282,{X11=5} => {target=A},0.6818604804028933
1283,"{X1=3,X5=3,X15=5} => {target=A}",0.03317960479010456
1284,"{X1=1,X2=2} => {target=A}",0.1560198141809372
1285,"{X13=5,X14=1,X15=5} => {target=A}",0.03045254401770392
1286,"{X2=1,X14=1,X15=5} => {target=A}",0.02877292588422381
1287,"{X1=1,X5=4,X8=1} => {target=A}",0.034122918510982314
1288,"{X3=2,X8=3,X13=3} => {target=A}",0.034542058639570626
1289,"{X3=1,X7=1} => {target=A}",0.1584121463461172
1290,"{X2=5,X6=3,X14=5} => {target=A}",0.03428010402175274
1291,"{X1=2,X11=1,X13=5} => {target=A}",0.03464683305498462
1292,"{X4=5,X6=5,X7=2} => {target=A}",0.034856369145732924
1293,"{X2=1,X7=3,X10=1} => {target=A}",0.03307477092098531
1294,"{X1=5,X8=4,X15=2} => {target=A}",0.03391332296652877
1295,"{X1=3,X10=3,X15=4} => {target=A}",0.032550537874990626
1296,"{X1=5,X5=3} => {target=A}",0.1585615858884329
1297,"{X4=1,X5=4,X15=5} => {target=A}",0.03186887619503799
1298,"{X9=4,X11=1} => {target=A}",0.160553200080264
1299,"{X1=1,X2=4,X11=5} => {target=A}",0.033756115160618876
1300,"{X1=1,X12=3,X15=4} => {target=A}",0.03317960479010456
1301,"{X2=1,X5=4,X10=4} => {target=A}",0.03307477092098531
1302,"{X2=2,X10=4} => {target=A}",0.16015501313608116
1303,"{X1=3,X11=3,X12=5} => {target=A}",0.034122918510982314
1304,"{X3=3,X7=2,X9=4} => {target=A}",0.034227709913169244
1305,"{X1=2,X7=2,X13=5} => {target=A}",0.03370371043530229
1306,"{X2=4,X4=1,X9=3} => {target=A}",0.03527539036691075
1307,"{X8=1,X13=3,X15=3} => {target=A}",0.033546489889312706
1308,"{X5=5,X7=5,X9=2} => {target=A}",0.03448966983935367
1309,"{X1=3,X9=1,X10=4} => {target=A}",0.034908750514236725
1310,"{X5=5,X6=4,X9=5} => {target=A}",0.03532776324202808
1311,"{X1=1,X5=4,X9=3} => {target=A}",0.03417531474291243
1312,"{X6=2,X11=1,X15=4} => {target=A}",0.03428010402175274
1313,"{X1=1,X4=3} => {target=A}",0.15587021220260536
1314,"{X1=1,X6=3,X12=2} => {target=A}",0.03323202013215422
1315,"{X5=5,X9=2,X13=2} => {target=A}",0.03359889779964922
1316,"{X5=4,X12=1,X13=3} => {target=A}",0.03532776324202808
1317,"{X3=4,X7=1,X8=4} => {target=A}",0.03522301643012009
1318,"{X2=4,X4=3,X13=2} => {target=A}",0.03380851882426214
1319,"{X2=3,X3=4} => {target=A}",0.15801359418631647
1320,"{X2=2,X11=5,X15=3} => {target=A}",0.03302235239391573
1321,"{X10=4,X11=1,X14=1} => {target=A}",0.034856369145732924
1322,"{X8=3,X14=1,X15=2} => {target=A}",0.034542058639570626
1323,"{X1=1,X2=2,X11=5} => {target=A}",0.03202619866166514
1324,"{X2=3,X3=1,X14=4} => {target=A}",0.03480398671555581
1325,"{X8=3,X9=3,X11=2} => {target=A}",0.03401812286210216
1326,"{X2=5,X5=1,X7=2} => {target=A}",0.03396572344515211
1327,"{X7=4,X9=5,X12=3} => {target=A}",0.03428010402175274
1328,"{X6=5,X14=2,X15=3} => {target=A}",0.0350658882497083
1329,"{X3=2,X5=4,X9=2} => {target=A}",0.03380851882426214
1330,"{X7=2,X9=4,X13=5} => {target=A}",0.033441670883619774
1331,"{X4=4,X10=4,X14=1} => {target=A}",0.03469921867018166
1332,"{X2=2,X7=2,X8=1} => {target=A}",0.03469921867018166
1333,"{X2=1,X6=1,X9=4} => {target=A}",0.03443727997746338
1334,"{X1=4,X5=5,X15=4} => {target=A}",0.03428010402175274
1335,"{X5=4,X15=5} => {target=A}",0.15507217361049286
1336,"{X4=1,X5=1,X11=5} => {target=A}",0.033494080917302896
1337,"{X4=1,X10=2,X15=2} => {target=A}",0.03616558485633568
1338,"{X1=3,X5=3,X11=5} => {target=A}",0.033860921426232114
1339,"{X1=1,X8=2,X14=5} => {target=A}",0.03239324725856271
1340,"{X8=4,X12=1,X13=4} => {target=A}",0.034122918510982314
1341,"{X2=2,X4=3,X8=4} => {target=A}",0.03459444637811428
1342,"{X1=1,X10=3,X15=4} => {target=A}",0.03323202013215422
1343,"{X10=4,X11=5,X14=4} => {target=A}",0.03370371043530229
1344,"{X3=3,X13=4,X15=5} => {target=A}",0.03239324725856271
1345,"{X2=1,X4=3,X12=5} => {target=A}",0.03296993280517284
1346,"{X4=1,X6=3,X14=3} => {target=A}",0.03428010402175274
1347,"{X1=1,X4=4,X14=2} => {target=A}",0.03611322896799126
1348,"{X9=4,X12=5,X15=4} => {target=A}",0.03574670802272774
1349,"{X13=3,X14=5,X15=4} => {target=A}",0.034751603223705387
1350,"{X2=3,X3=4,X9=3} => {target=A}",0.03480398671555581
1351,"{X1=5,X2=2,X3=1} => {target=A}",0.034856369145732924
1352,"{X1=2,X13=3,X15=5} => {target=A}",0.0336513046483124
1353,"{X1=4,X9=2,X14=1} => {target=A}",0.033441670883619774
1354,"{X1=3,X2=1,X5=4} => {target=A}",0.034122918510982314
1355,"{X6=4,X10=1,X11=1} => {target=A}",0.03611322896799126
1356,"{X5=5,X8=5,X15=5} => {target=A}",0.033860921426232114
1357,"{X4=4,X14=2,X15=4} => {target=A}",0.034227709913169244
1358,"{X2=5,X3=2,X5=4} => {target=A}",0.034122918510982314
1359,"{X2=1,X5=1,X14=1} => {target=A}",0.03087227868334468
1360,"{X2=3,X6=2,X15=5} => {target=A}",0.03538013505547212
1361,"{X3=1,X7=1,X8=3} => {target=A}",0.035537244125764374
1362,"{X5=5,X7=2,X15=5} => {target=A}",0.03270781893635876
1363,"{X9=4,X15=4} => {target=A}",0.15761497407942401
1364,"{X1=5,X5=5,X10=1} => {target=A}",0.033494080917302896
1365,"{X2=3,X7=2} => {target=A}",0.16010523499052845
1366,"{X2=1,X14=1,X15=2} => {target=A}",0.03097720173302179
1367,"{X10=3,X11=1,X14=1} => {target=A}",0.033860921426232114
1368,"{X7=2,X10=3,X11=1} => {target=A}",0.03396572344515211
1369,"{X3=2,X12=1,X15=4} => {target=A}",0.03391332296652877
1370,"{X2=5,X11=1,X14=2} => {target=A}",0.03464683305498462
1371,"{X1=1,X4=1,X9=5} => {target=A}",0.034227709913169244
1372,"{X2=3,X3=1} => {target=A}",0.16065273619957657
1373,"{X1=3,X3=4,X12=3} => {target=A}",0.035432505807242845
1374,"{X1=4,X3=2,X12=3} => {target=A}",0.03459444637811428
1375,"{X8=3,X14=2,X15=4} => {target=A}",0.035694343640996856
1376,"{X3=2,X9=5,X10=3} => {target=A}",0.03428010402175274
1377,"{X8=2,X9=4,X13=4} => {target=A}",0.03448966983935367
1378,"{X4=5,X13=3,X14=3} => {target=A}",0.03428010402175274
1379,"{X1=3,X4=1,X10=4} => {target=A}",0.03522301643012009
1380,"{X1=1,X2=1,X15=3} => {target=A}",0.03234081492974013
1381,"{X1=2,X15=3} => {target=A}",0.15970697160586747
1382,"{X3=1,X8=3,X12=5} => {target=A}",0.03522301643012009
1383,"{X4=4,X9=1,X15=4} => {target=A}",0.034856369145732924
1384,"{X2=3,X6=4,X14=2} => {target=A}",0.035537244125764374
1385,"{X2=4,X11=3,X12=3} => {target=A}",0.03417531474291243
1386,"{X2=1,X3=3,X5=4} => {target=A}",0.03428010402175274
1387,"{X2=2,X6=2,X10=4} => {target=A}",0.03564197819759267
1388,"{X2=5,X3=1,X12=5} => {target=A}",0.035013510066224426
1389,{X2=3} => {target=A},0.6808236672371318
1390,"{X5=4,X8=4,X13=3} => {target=A}",0.03538013505547212
1391,"{X5=5,X8=3,X10=2} => {target=A}",0.034856369145732924
1392,"{X1=3,X5=3,X13=2} => {target=A}",0.033546489889312706
1393,"{X5=4,X14=5} => {target=A}",0.1561694066042092
1394,"{X8=5,X14=4} => {target=A}",0.15676768074669964
1395,"{X2=3,X14=4,X15=5} => {target=A}",0.03296993280517284
1396,"{X1=3,X6=5,X14=4} => {target=A}",0.033546489889312706
1397,"{X6=4,X7=3,X13=1} => {target=A}",0.03396572344515211
1398,"{X8=2,X12=1,X15=4} => {target=A}",0.035537244125764374
1399,"{X1=1,X3=1,X9=4} => {target=A}",0.033756115160618876
1400,"{X5=5,X13=4} => {target=A}",0.156667979006351
1401,"{X3=2,X5=4} => {target=A}",0.15915924850709795
1402,"{X1=2,X6=2,X12=3} => {target=A}",0.033756115160618876
1403,"{X7=2,X12=5} => {target=A}",0.1581132385963065
1404,"{X4=5,X10=4,X12=1} => {target=A}",0.033860921426232114
1405,"{X1=3,X2=1,X10=1} => {target=A}",0.034332497068662926
1406,"{X1=2,X3=2,X8=3} => {target=A}",0.034332497068662926
1407,"{X4=5,X8=3,X13=5} => {target=A}",0.03480398671555581
1408,"{X1=1,X7=1,X15=3} => {target=A}",0.033860921426232114
1409,{X8=2} => {target=A},0.6774482760182814
1410,"{X2=1,X9=4,X10=3} => {target=A}",0.03428010402175274
1411,"{X2=2,X9=1,X14=5} => {target=A}",0.033756115160618876
1412,"{X7=1,X11=1,X15=3} => {target=A}",0.034332497068662926
1413,"{X1=1,X9=2,X14=5} => {target=A}",0.03176398924225335
1414,"{X2=1,X3=4,X5=4} => {target=A}",0.034122918510982314
1415,"{X2=1,X9=4,X11=3} => {target=A}",0.03443727997746338
1416,"{X10=1,X15=5} => {target=A}",0.1552218265491435
1417,"{X1=4,X11=1,X12=4} => {target=A}",0.03511826537151886
1418,"{X12=1,X13=3,X15=5} => {target=A}",0.03391332296652877
1419,"{X1=4,X3=2,X9=3} => {target=A}",0.034384889053899824
1420,"{X11=3,X12=3} => {target=A}",0.15686737824035507
1421,"{X4=5,X5=3,X7=3} => {target=A}",0.03428010402175274
1422,"{X6=3,X8=3,X15=5} => {target=A}",0.034332497068662926
1423,"{X1=4,X9=3,X11=5} => {target=A}",0.03428010402175274
1424,"{X1=1,X6=4,X11=5} => {target=A}",0.03443727997746338
1425,"{X6=5,X8=5,X15=5} => {target=A}",0.032445678525711986
1426,"{X4=3,X6=3,X14=3} => {target=A}",0.034332497068662926
1427,"{X1=4,X5=1,X10=3} => {target=A}",0.03359889779964922
1428,"{X5=3,X10=1,X14=4} => {target=A}",0.03538013505547212
1429,"{X1=2,X3=4,X12=3} => {target=A}",0.03417531474291243
1430,"{X1=1,X5=5,X12=5} => {target=A}",0.0336513046483124
1431,"{X2=3,X9=3,X10=1} => {target=A}",0.034332497068662926
1432,"{X8=3,X12=1,X15=4} => {target=A}",0.0336513046483124
1433,"{X3=1,X14=1,X15=2} => {target=A}",0.033546489889312706
1434,"{X5=1,X10=2,X14=2} => {target=A}",0.03511826537151886
1435,"{X3=2,X13=3,X15=3} => {target=A}",0.034856369145732924
1436,"{X1=3,X10=1,X11=2} => {target=A}",0.03380851882426214
1437,"{X1=1,X2=5,X3=3} => {target=A}",0.033494080917302896
1438,"{X3=4,X13=4,X15=2} => {target=A}",0.03464683305498462
1439,"{X1=4,X6=1,X13=1} => {target=A}",0.03417531474291243
1440,"{X2=5,X11=4,X14=4} => {target=A}",0.03370371043530229
1441,"{X1=2,X10=4,X11=5} => {target=A}",0.0336513046483124
1442,"{X2=3,X4=2,X9=3} => {target=A}",0.03464683305498462
1443,"{X1=3,X2=4,X6=4} => {target=A}",0.03396572344515211
1444,"{X6=5,X7=3,X8=2} => {target=A}",0.03564197819759267
1445,"{X1=1,X14=5,X15=2} => {target=A}",0.03333684763123361
1446,"{X4=5,X6=3,X13=4} => {target=A}",0.03459444637811428
1447,"{X5=3,X6=3,X9=2} => {target=A}",0.03464683305498462
1448,"{X3=3,X13=5,X15=5} => {target=A}",0.03207863736052757
1449,"{X10=2,X11=5,X13=5} => {target=A}",0.034122918510982314
1450,"{X2=5,X5=1,X12=1} => {target=A}",0.034908750514236725
1451,"{X1=3,X8=1,X11=4} => {target=A}",0.03443727997746338
1452,"{X1=1,X11=1,X15=5} => {target=A}",0.03160665085052658
1453,"{X1=1,X2=5,X8=3} => {target=A}",0.033546489889312706
1454,"{X1=1,X2=5,X7=5} => {target=A}",0.033756115160618876
1455,"{X4=5,X9=2,X12=1} => {target=A}",0.033494080917302896
1456,"{X1=1,X4=1,X5=4} => {target=A}",0.03443727997746338
1457,"{X13=4,X14=4,X15=5} => {target=A}",0.03223594708707503
1458,"{X5=1,X6=4,X12=1} => {target=A}",0.033546489889312706
1459,"{X5=5,X11=1,X15=4} => {target=A}",0.033441670883619774
1460,"{X9=3,X13=3,X15=3} => {target=A}",0.035694343640996856
1461,"{X8=2,X9=4} => {target=A}",0.15826269724874176
1462,"{X5=5,X8=2,X11=1} => {target=A}",0.03496113082106723
1463,"{X4=3,X12=3} => {target=A}",0.1581630592087915
1464,"{X1=3,X4=3,X6=4} => {target=A}",0.03370371043530229
1465,"{X8=3,X12=5,X14=2} => {target=A}",0.03496113082106723
1466,"{X1=1,X2=1,X7=2} => {target=A}",0.030767351386974336
1467,"{X1=1,X6=5,X15=2} => {target=A}",0.03333684763123361
1468,"{X6=1,X13=1,X15=5} => {target=A}",0.03380851882426214
1469,"{X3=1,X4=5,X13=3} => {target=A}",0.035432505807242845
1470,"{X9=3,X10=4,X12=2} => {target=A}",0.03464683305498462
1471,"{X3=4,X6=4} => {target=A}",0.15836233104199868
1472,"{X8=3,X10=5,X15=4} => {target=A}",0.034542058639570626
1473,"{X1=4,X8=4,X12=5} => {target=A}",0.03338925978826335
1474,"{X1=2,X3=5,X15=3} => {target=A}",0.03443727997746338
1475,"{X3=1,X12=5,X15=2} => {target=A}",0.03443727997746338
1476,"{X4=4,X6=2,X15=2} => {target=A}",0.034070521217378885
1477,"{X1=5,X3=1,X14=5} => {target=A}",0.03522301643012009
1478,"{X5=4,X13=3,X15=5} => {target=A}",0.03181643324948232
1479,"{X8=3,X10=4,X14=4} => {target=A}",0.034856369145732924
1480,"{X1=2,X2=1} => {target=A}",0.16020479021996062
1481,"{X1=1,X3=1,X15=3} => {target=A}",0.034384889053899824
1482,"{X9=4,X12=3,X13=3} => {target=A}",0.034122918510982314
1483,"{X3=3,X5=5,X7=1} => {target=A}",0.035799071342785316
1484,"{X1=1,X2=1,X12=1} => {target=A}",0.03186887619503799
1485,"{X7=5,X8=3,X13=4} => {target=A}",0.03480398671555581
1486,"{X1=4,X6=3,X7=1} => {target=A}",0.035170641431656144
1487,"{X6=3,X12=3,X15=2} => {target=A}",0.03532776324202808
1488,"{X10=1,X14=5,X15=4} => {target=A}",0.034908750514236725
1489,"{X1=3,X9=1,X10=2} => {target=A}",0.036322646151329074
1490,"{X1=3,X9=2,X15=5} => {target=A}",0.03328443441253057
1491,"{X6=5,X8=2,X15=5} => {target=A}",0.034542058639570626
1492,"{X8=2,X13=5,X14=4} => {target=A}",0.03307477092098531
1493,"{X11=5,X13=3,X14=2} => {target=A}",0.036532046347893955
1494,"{X3=5,X11=5,X13=3} => {target=A}",0.035170641431656144
